cinema_name_, movie_house, theater_info, phone, address
SM Center Sangandaan Cinema 1,SM Center Sangandaan, , ,"
Marcelo H. Del Pilar St. corner Samson Road
Brgy 003
Caloocan City
"
SM Center Sangandaan Cinema 2,SM Center Sangandaan, , ,"
Marcelo H. Del Pilar St. corner Samson Road
Brgy 003
Caloocan City
"
SM Center Sangandaan Cinema 3,SM Center Sangandaan, , ,"
Marcelo H. Del Pilar St. corner Samson Road
Brgy 003
Caloocan City
"
SM Center Sangandaan Cinema 4,SM Center Sangandaan, , ,"
Marcelo H. Del Pilar St. corner Samson Road
Brgy 003
Caloocan City
"
Evia Lifestyle Center MX4D Cinema 1,Evia Lifestyle Center, ,(63 977) 235-6541,"
Evia Lifestyle Center in Bgy. Tindig na Mangga
Daang-Hari, Almanza Dos
Las Piñas City
"
Evia Lifestyle Center VIP Cinema 2,Evia Lifestyle Center, ,(63 977) 235-6541,"
Evia Lifestyle Center in Bgy. Tindig na Mangga
Daang-Hari, Almanza Dos
Las Piñas City
"
Evia Lifestyle Center Cinema 3,Evia Lifestyle Center, ,(63 977) 235-6541,"
Evia Lifestyle Center in Bgy. Tindig na Mangga
Daang-Hari, Almanza Dos
Las Piñas City
"
Evia Lifestyle Center Cinema 4,Evia Lifestyle Center, ,(63 977) 235-6541,"
Evia Lifestyle Center in Bgy. Tindig na Mangga
Daang-Hari, Almanza Dos
Las Piñas City
"
Robinsons Place Las Piñas Cinema 1,Robinsons Place Las Piñas, ,(63 2) 886-9234,"
Level 2, 345 Alabang-Zapote Road
Las Piñas City
"
Robinsons Place Las Piñas Cinema 2,Robinsons Place Las Piñas, ,(63 2) 886-9234,"
Level 2, 345 Alabang-Zapote Road
Las Piñas City
"
Robinsons Place Las Piñas Cinema 3,Robinsons Place Las Piñas, ,(63 2) 886-9234,"
Level 2, 345 Alabang-Zapote Road
Las Piñas City
"
Robinsons Place Las Piñas Cinema 4,Robinsons Place Las Piñas, ,(63 2) 886-9234,"
Level 2, 345 Alabang-Zapote Road
Las Piñas City
"
SM SouthMall Digital Theater,SM SouthMall,Ultra Surround,"(63 2) 806-6888, (63 2) 806-6782","
Almanza
Alabang-Zapote National Rd.
Las Piñas City
"
SM SouthMall Cinema  2,SM SouthMall,Ultra Surround,"(63 2) 806-6888, (63 2) 806-6782","
Almanza
Alabang-Zapote National Rd.
Las Piñas City
"
SM SouthMall Cinema  3,SM SouthMall,Dolby Digital EX,"(63 2) 806-6888, (63 2) 806-6782","
Almanza
Alabang-Zapote National Rd.
Las Piñas City
"
SM SouthMall Cinema  4,SM SouthMall,Ultra Surround,"(63 2) 806-6888, (63 2) 806-6782","
Almanza
Alabang-Zapote National Rd.
Las Piñas City
"
SM SouthMall Cinema  5,SM SouthMall,Ultra Surround,"(63 2) 806-6888, (63 2) 806-6782","
Almanza
Alabang-Zapote National Rd.
Las Piñas City
"
SM SouthMall Cinema  6,SM SouthMall,Ultra Surround,"(63 2) 806-6888, (63 2) 806-6782","
Almanza
Alabang-Zapote National Rd.
Las Piñas City
"
SM SouthMall Cinema  7,SM SouthMall,Ultra Surround,"(63 2) 806-6888, (63 2) 806-6782","
Almanza
Alabang-Zapote National Rd.
Las Piñas City
"
SM SouthMall Cinema  8,SM SouthMall,Dolby Digital EX,"(63 2) 806-6888, (63 2) 806-6782","
Almanza
Alabang-Zapote National Rd.
Las Piñas City
"
SM SouthMall IMAX,SM SouthMall,Ultra Surround,"(63 2) 806-6888, (63 2) 806-6782","
Almanza
Alabang-Zapote National Rd.
Las Piñas City
"
Vista Mall Las Piñas Cinema 1,Vista Mall Las Piñas, , ,"
C.V. Starr Ave.
Philamlife Village, Pamplona II
Las Piñas City
"
Vista Mall Las Piñas Cinema 2,Vista Mall Las Piñas, , ,"
C.V. Starr Ave.
Philamlife Village, Pamplona II
Las Piñas City
"
Vista Mall Las Piñas Cinema 3,Vista Mall Las Piñas, , ,"
C.V. Starr Ave.
Philamlife Village, Pamplona II
Las Piñas City
"
Vista Mall Las Piñas Cinema 4,Vista Mall Las Piñas, , ,"
C.V. Starr Ave.
Philamlife Village, Pamplona II
Las Piñas City
"
Cash and Carry Cash & Carry Cinema 1,Cash and Carry, ,(63 2) 856-5488,"
Corner Buendia and South Super Highway
Makati City
"
Cash and Carry Cash & Carry Cinema 2,Cash and Carry, ,(63 2) 856-5488,"
Corner Buendia and South Super Highway
Makati City
"
Century City Mall Cinema 1,Century City Mall, ,(63 2) 705-6200 loc 124,"
3rd Floor Century City Mall, Kalayaan Ave. cor. Salamanca St.
Brgy. Poblacion
Makati City
"
Century City Mall Cinema 2,Century City Mall, ,(63 2) 705-6200 loc 124,"
3rd Floor Century City Mall, Kalayaan Ave. cor. Salamanca St.
Brgy. Poblacion
Makati City
"
Century City Mall Premier Cinema 3,Century City Mall, ,(63 2) 705-6200 loc 124,"
3rd Floor Century City Mall, Kalayaan Ave. cor. Salamanca St.
Brgy. Poblacion
Makati City
"
Century City Mall Cinema 4,Century City Mall, ,(63 2) 705-6200 loc 124,"
3rd Floor Century City Mall, Kalayaan Ave. cor. Salamanca St.
Brgy. Poblacion
Makati City
"
Glorietta 4 Cinema 1,Glorietta 4,Dolby Stereo Digital,"(63 2) 752-7880, (63 2) 752-7881, (63 2) 752-7882","
4th Level Glorietta 4, Ayala Center
Makati City
"
Glorietta 4 Cinema 2,Glorietta 4,Dolby Stereo Digital,"(63 2) 752-7880, (63 2) 752-7881, (63 2) 752-7882","
4th Level Glorietta 4, Ayala Center
Makati City
"
Glorietta 4 Cinema 3,Glorietta 4,"Sony Dynamic Digital Sound (SDDS), Digital Theater System (DTS), Dolby Stereo Digital (DSD)","(63 2) 752-7880, (63 2) 752-7881, (63 2) 752-7882","
4th Level Glorietta 4, Ayala Center
Makati City
"
Glorietta 4 Cinema 4,Glorietta 4,DTS,"(63 2) 752-7880, (63 2) 752-7881, (63 2) 752-7882","
4th Level Glorietta 4, Ayala Center
Makati City
"
Glorietta 4 Cinema 5,Glorietta 4,Digital Theater System,"(63 2) 752-7880, (63 2) 752-7881, (63 2) 752-7882","
4th Level Glorietta 4, Ayala Center
Makati City
"
Glorietta 4 Cinema 6,Glorietta 4,Digital Theater System,"(63 2) 752-7880, (63 2) 752-7881, (63 2) 752-7882","
4th Level Glorietta 4, Ayala Center
Makati City
"
Glorietta 4 Cinema 7,Glorietta 4,Digital Theater System,"(63 2) 752-7880, (63 2) 752-7881, (63 2) 752-7882","
4th Level Glorietta 4, Ayala Center
Makati City
"
Power Plant Mall Power Plant Cinema 1,Power Plant Mall, ,"(63 2) 898-1440, (63 2) 898-1441","
Rockwell Drive cor. Estrella St.
Makati City
"
Power Plant Mall Power Plant Dolby Atmos Cinema 2,Power Plant Mall, ,"(63 2) 898-1440, (63 2) 898-1441","
Rockwell Drive cor. Estrella St.
Makati City
"
Power Plant Mall Power Plant Dolby Atmos Cinema 3,Power Plant Mall, ,"(63 2) 898-1440, (63 2) 898-1441","
Rockwell Drive cor. Estrella St.
Makati City
"
Power Plant Mall Power Plant Dolby Atmos Cinema 4,Power Plant Mall, ,"(63 2) 898-1440, (63 2) 898-1441","
Rockwell Drive cor. Estrella St.
Makati City
"
Power Plant Mall Power Plant Cinema 5,Power Plant Mall, ,"(63 2) 898-1440, (63 2) 898-1441","
Rockwell Drive cor. Estrella St.
Makati City
"
Power Plant Mall Power Plant Dolby Atmos Cinema 6,Power Plant Mall, ,"(63 2) 898-1440, (63 2) 898-1441","
Rockwell Drive cor. Estrella St.
Makati City
"
Power Plant Mall Power Plant Cinema 7,Power Plant Mall, , ,"
Rockwell Drive cor. Estrella St.
Makati City
"
Power Plant Mall Power Plant VIP Cinema 8,Power Plant Mall, , ,"
Rockwell Drive cor. Estrella St.
Makati City
"
Waltermart Makati Cinema - 1,Waltermart Makati, ,(63 2) 519-7401,"
790 Chino Roces Ave.
Makati City
"
Waltermart Makati Cinema - 2,Waltermart Makati, ,(63 2) 519-7401,"
790 Chino Roces Ave.
Makati City
"
Waltermart Makati Cinema - 3,Waltermart Makati, ,(63 2) 519-7401,"
790 Chino Roces Ave.
Makati City
"
Waltermart Makati Cinema - 4,Waltermart Makati, ,(63 2) 519-7401,"
790 Chino Roces Ave.
Makati City
"
Forum Robinsons Cinema 1,Forum Robinsons, ,"(63 2) 687-5378, (63 2) 398-8007","
No. 30 EDSA corner Pioneer St.
Mandaluyong City
"
Forum Robinsons Cinema 2,Forum Robinsons, ,"(63 2) 687-5378, (63 2) 398-8007","
No. 30 EDSA corner Pioneer St.
Mandaluyong City
"
Forum Robinsons Cinema 3,Forum Robinsons, ,"(63 2) 687-5378, (63 2) 398-8007","
No. 30 EDSA corner Pioneer St.
Mandaluyong City
"
Forum Robinsons Cinema 4,Forum Robinsons, ,"(63 2) 687-5378, (63 2) 398-8007","
No. 30 EDSA corner Pioneer St.
Mandaluyong City
"
SM Light Mall Cinema 1,SM Light Mall, , ,"
2nd Level SM Light Mall, Light Residences, EDSA cor. Madison St.
Mandaluyong City
"
SM Light Mall Cinema 2,SM Light Mall, , ,"
2nd Level SM Light Mall, Light Residences, EDSA cor. Madison St.
Mandaluyong City
"
SM Light Mall Cinema 3,SM Light Mall, , ,"
2nd Level SM Light Mall, Light Residences, EDSA cor. Madison St.
Mandaluyong City
"
SM MegaMall Digital Theater 1,SM MegaMall,Dolby Digital,"(63 2) 633-1901, (63 2) 632-9408","
Edsa cor. Julia Vargas Ave.
Mandaluyong City
"
SM MegaMall Digital Theater 2,SM MegaMall,Dolby Surround,"(63 2) 633-1901, (63 2) 632-9408","
Edsa cor. Julia Vargas Ave.
Mandaluyong City
"
SM MegaMall Digital Theater 3,SM MegaMall,Dolby Digital,"(63 2) 633-1901, (63 2) 632-9408","
Edsa cor. Julia Vargas Ave.
Mandaluyong City
"
SM MegaMall Cinema  4,SM MegaMall,DTS,"(63 2) 633-1901, (63 2) 632-9408","
Edsa cor. Julia Vargas Ave.
Mandaluyong City
"
SM MegaMall Cinema  5,SM MegaMall,Dolby Surround,"(63 2) 633-1901, (63 2) 632-9408","
Edsa cor. Julia Vargas Ave.
Mandaluyong City
"
SM MegaMall Cinema  6,SM MegaMall,Dolby Surround,"(63 2) 633-1901, (63 2) 632-9408","
Edsa cor. Julia Vargas Ave.
Mandaluyong City
"
SM MegaMall Cinema  7,SM MegaMall,Synthesized Surround,"(63 2) 633-1901, (63 2) 632-9408","
Edsa cor. Julia Vargas Ave.
Mandaluyong City
"
SM MegaMall Cinema  8,SM MegaMall,Synthesized Surround,"(63 2) 633-1901, (63 2) 632-9408","
Edsa cor. Julia Vargas Ave.
Mandaluyong City
"
SM MegaMall Cinema  9,SM MegaMall,Dolby Surround,"(63 2) 633-1901, (63 2) 632-9408","
Edsa cor. Julia Vargas Ave.
Mandaluyong City
"
SM MegaMall Cinema 10,SM MegaMall,Dolby Surround,"(63 2) 633-1901, (63 2) 632-9408","
Edsa cor. Julia Vargas Ave.
Mandaluyong City
"
SM MegaMall Cinema 11,SM MegaMall,Synthesized Surround,"(63 2) 633-1901, (63 2) 632-9408","
Edsa cor. Julia Vargas Ave.
Mandaluyong City
"
SM MegaMall Cinema 12,SM MegaMall,Synthesized Surround,"(63 2) 633-1901, (63 2) 632-9408","
Edsa cor. Julia Vargas Ave.
Mandaluyong City
"
SM MegaMall Director's Club,SM MegaMall, , ,"
Edsa cor. Julia Vargas Ave.
Mandaluyong City
"
SM MegaMall IMAX,SM MegaMall, , ,"
Edsa cor. Julia Vargas Ave.
Mandaluyong City
"
Shangri-la Plaza Mall Shangri-la Plaza Cinema 1,Shangri-la Plaza Mall,Dolby,"(63 2) 633-2227, (63 2) 633-7851 Loc. 171","
EDSA cor. Shaw Blvd.
Mandaluyong City
"
Shangri-la Plaza Mall Shangri-la Plaza Cinema 2,Shangri-la Plaza Mall, ,"(63 2) 633-2227, (63 2) 633-7851 Loc. 171","
EDSA cor. Shaw Blvd.
Mandaluyong City
"
Shangri-la Plaza Mall Shangri-la Plaza Cinema 3,Shangri-la Plaza Mall,Dolby,"633-2227, 633-7851 loc 171","
EDSA cor. Shaw Blvd.
Mandaluyong City
"
Shangri-la Plaza Mall Shangri-la Plaza Cinema 4,Shangri-la Plaza Mall,Dolby,"633-2227, 633-7851 loc 171","
EDSA cor. Shaw Blvd.
Mandaluyong City
"
Shangri-la Plaza Mall Shangri-la Plaza Premiere Theatre,Shangri-la Plaza Mall, ,"633-2227, 633-7851 loc 171","
EDSA cor. Shaw Blvd.
Mandaluyong City
"
Starmall EDSA-Shaw Cinema 1,Starmall EDSA-Shaw,Dolby Surround,"(63 2) 718-1886 loc 129, (63 2) 726-6150","
EDSA cor. Shaw Blvd.
Mandaluyong City
"
Starmall EDSA-Shaw Cinema 2,Starmall EDSA-Shaw,Dolby Surround,"(63 2) 718-1886 loc 129, (63 2) 726-6150","
EDSA cor. Shaw Blvd.
Mandaluyong City
"
Starmall EDSA-Shaw Cinema 3,Starmall EDSA-Shaw,Dolby Surround,"(63 2) 718-1886 loc 129, (63 2) 726-6150","
EDSA cor. Shaw Blvd.
Mandaluyong City
"
Cinerama Cineworld (Isetann) Isetann Cinerama 1,Cinerama Cineworld (Isetann), ,(63 2) 733-4228,"
Isetann Recto Manila
Manila
"
Cinerama Cineworld (Isetann) Isetann Cinerama 2,Cinerama Cineworld (Isetann), ,(63 2) 733-4228,"
Isetann Recto Manila
Manila
"
Cinerama Cineworld (Isetann) Isetann Cinerama 3,Cinerama Cineworld (Isetann), ,(63 2) 733-4228,"
Isetann Recto Manila
Manila
"
Cinerama Cineworld (Isetann) Isetann Cinerama 4,Cinerama Cineworld (Isetann), ,(63 2) 733-4228,"
Isetann Recto Manila
Manila
"
Lucky Chinatown Mall Lucky Chinatown Cinema 1,Lucky Chinatown Mall, ,(63 2)791-8111,"
5/F Reina Regente St. Corner Dela Reina St.
Brgy. 293 Zone 28, Binondo
Manila
"
Lucky Chinatown Mall Lucky Chinatown Cinema 2,Lucky Chinatown Mall, ,(63 2)791-8111,"
5/F Reina Regente St. Corner Dela Reina St.
Brgy. 293 Zone 28, Binondo
Manila
"
Lucky Chinatown Mall Lucky Chinatown Cinema 3,Lucky Chinatown Mall, ,(63 2)791-8111,"
5/F Reina Regente St. Corner Dela Reina St.
Brgy. 293 Zone 28, Binondo
Manila
"
Lucky Chinatown Mall Lucky Chinatown Cinema 4,Lucky Chinatown Mall, ,(63 2)791-8111,"
5/F Reina Regente St. Corner Dela Reina St.
Brgy. 293 Zone 28, Binondo
Manila
"
Robinsons Place Manila Robinsons Manila Cinema 1 (Midtown),Robinsons Place Manila, ,(63 2) 397-7020,"
Pedro Gil cor. Adriatico Sts.
Ermita
Manila
"
Robinsons Place Manila Robinsons Manila Cinema 2 (Midtown),Robinsons Place Manila, ,(63 2) 397-7020,"
Pedro Gil cor. Adriatico Sts.
Ermita
Manila
"
Robinsons Place Manila Robinsons Manila Cinema 3 (Midtown),Robinsons Place Manila, ,(63 2) 397-7020,"
Pedro Gil cor. Adriatico Sts.
Ermita
Manila
"
Robinsons Place Manila Robinsons Manila Cinema 4 (Pedro Gil),Robinsons Place Manila,Dolby Digital,(63 2) 397-7020,"
Pedro Gil cor. Adriatico Sts.
Ermita
Manila
"
Robinsons Place Manila Robinsons Manila Cinema 5 (Pedro Gil),Robinsons Place Manila,Dolby Stereo,(63 2) 397-7020,"
Pedro Gil cor. Adriatico Sts.
Ermita
Manila
"
Robinsons Place Manila Robinsons Manila Cinema 6 (Pedro Gil),Robinsons Place Manila,Dolby Stereo,(63 2) 397-7020,"
Pedro Gil cor. Adriatico Sts.
Ermita
Manila
"
Robinsons Place Manila Robinsons Manila Cinema 7 (Pedro Gil),Robinsons Place Manila,Dolby Stereo,(63 2) 397-7020,"
Pedro Gil cor. Adriatico Sts.
Ermita
Manila
"
SM City Manila Cinema 1,SM City Manila,Dolby Digital,"(63 2) 523-9240, (63 2) 523-9241, (63 2) 523-9232","
Concepcion cor. Arroceros & San Marcelino Sts.
Manila
"
SM City Manila Cinema 2,SM City Manila,Dolby Digital,"(63 2) 523-9240, (63 2) 523-9241, (63 2) 523-9232","
Concepcion cor. Arroceros & San Marcelino Sts.
Manila
"
SM City Manila Cinema 3,SM City Manila,Dolby Surround,"(63 2) 523-9240, (63 2) 523-9241, (63 2) 523-9232","
Concepcion cor. Arroceros & San Marcelino Sts.
Manila
"
SM City Manila Cinema 4,SM City Manila,Dolby Surround,"(63 2) 523-9240, (63 2) 523-9241, (63 2) 523-9232","
Concepcion cor. Arroceros & San Marcelino Sts.
Manila
"
SM City Manila Cinema 5,SM City Manila,Dolby Digital,"(63 2) 523-9240, (63 2) 523-9241, (63 2) 523-9232","
Concepcion cor. Arroceros & San Marcelino Sts.
Manila
"
SM City Manila Cinema 6,SM City Manila,Dolby Digital EX,"(63 2) 523-9240, (63 2) 523-9241, (63 2) 523-9232","
Concepcion cor. Arroceros & San Marcelino Sts.
Manila
"
SM City Manila Cinema 7,SM City Manila,Dolby Surround,"(63 2) 523-9240, (63 2) 523-9241, (63 2) 523-9232","
Concepcion cor. Arroceros & San Marcelino Sts.
Manila
"
SM City Manila Cinema 8,SM City Manila,Dolby Surround,"(63 2) 523-9240, (63 2) 523-9241, (63 2) 523-9232","
Concepcion cor. Arroceros & San Marcelino Sts.
Manila
"
SM City Manila Cinema 9,SM City Manila,Dolby Surround,"(63 2) 523-9240, (63 2) 523-9241, (63 2) 523-9232","
Concepcion cor. Arroceros & San Marcelino Sts.
Manila
"
SM City Manila Cinema 10,SM City Manila,Dolby Surround,"(63 2) 523-9240, (63 2) 523-9241, (63 2) 523-9232","
Concepcion cor. Arroceros & San Marcelino Sts.
Manila
"
SM City Manila Cinema 11,SM City Manila,Dolby Surround,"(63 2) 523-9240, (63 2) 523-9241, (63 2) 523-9232","
Concepcion cor. Arroceros & San Marcelino Sts.
Manila
"
SM City Manila Cinema 12,SM City Manila,Dolby Surround,"(63 2) 523-9240, (63 2) 523-9241, (63 2) 523-9232","
Concepcion cor. Arroceros & San Marcelino Sts.
Manila
"
SM San Lazaro Cinema 1,SM San Lazaro, ,(63 2) 7862488,"
Felix Huertas cor. A.H. Lacson Sts.
Sta. Cruz
Manila
"
SM San Lazaro Cinema 2,SM San Lazaro, ,(63 2) 7862488,"
Felix Huertas cor. A.H. Lacson Sts.
Sta. Cruz
Manila
"
SM San Lazaro Cinema 3,SM San Lazaro, ,(63 2) 7862488,"
Felix Huertas cor. A.H. Lacson Sts.
Sta. Cruz
Manila
"
SM San Lazaro Cinema 4,SM San Lazaro, ,(63 2) 7862488,"
Felix Huertas cor. A.H. Lacson Sts.
Sta. Cruz
Manila
"
SM San Lazaro Cinema 5,SM San Lazaro, ,(63 2) 7862488,"
Felix Huertas cor. A.H. Lacson Sts.
Sta. Cruz
Manila
"
SM San Lazaro Cinema 6,SM San Lazaro, ,(63 2) 7862488,"
Felix Huertas cor. A.H. Lacson Sts.
Sta. Cruz
Manila
"
Blue Wave Cinema 1,Blue Wave, ,"(63 2) 571-9720, (63 2) 571-9721","
Brgy. Sto. Niño
Sumulong Highway
Marikina
"
Blue Wave Cinema 2,Blue Wave, ,"(63 2) 571-9720, (63 2) 571-9721","
Brgy. Sto. Niño
Sumulong Highway
Marikina
"
Blue Wave Cinema 3,Blue Wave, ,"(63 2) 571-9720, (63 2) 571-9721","
Brgy. Sto. Niño
Sumulong Highway
Marikina
"
Blue Wave Cinema 4,Blue Wave, ,"(63 2) 571-9720, (63 2) 571-9721","
Brgy. Sto. Niño
Sumulong Highway
Marikina
"
SM City Marikina Digital Theater 1,SM City Marikina, ,(63 2) 477-1829,"
Marcos Highway
Brgy. Kalumpang
Marikina
"
SM City Marikina Digital Theater 2,SM City Marikina, ,(63 2) 477-1829,"
Marcos Highway
Brgy. Kalumpang
Marikina
"
SM City Marikina Cinema 3,SM City Marikina, ,(63 2) 477-1829,"
Marcos Highway
Brgy. Kalumpang
Marikina
"
SM City Marikina Cinema 4,SM City Marikina, ,(63 2) 477-1829,"
Marcos Highway
Brgy. Kalumpang
Marikina
"
SM City Marikina Cinema 5,SM City Marikina, ,(63 2) 477-1829,"
Marcos Highway
Brgy. Kalumpang
Marikina
"
SM City Marikina Cinema 6,SM City Marikina, ,(63 2) 477-1829,"
Marcos Highway
Brgy. Kalumpang
Marikina
"
SM City Marikina Cinema 7,SM City Marikina, ,(63 2) 477-1829,"
Marcos Highway
Brgy. Kalumpang
Marikina
"
SM City Marikina Cinema 8,SM City Marikina, ,(63 2) 477-1829,"
Marcos Highway
Brgy. Kalumpang
Marikina
"
Alabang Town Center Cinema 1,Alabang Town Center,THX,"(63 2) 842-2289, (63 2) 850-8931, (63 2) 850-9582","
Alabang Commercial Corporation
Alabang-Zapote Road
Muntinlupa
"
Alabang Town Center Cinema 2,Alabang Town Center,Dolby Stereo Digital,"(63 2) 842-2289, (63 2) 850-8931, (63 2) 850-9582","
Alabang Commercial Corporation
Alabang-Zapote Road
Muntinlupa
"
Alabang Town Center Cinema 3,Alabang Town Center,DTS,"(63 2) 842-2289, (63 2) 850-8931, (63 2) 850-9582","
Alabang Commercial Corporation
Alabang-Zapote Road
Muntinlupa
"
Alabang Town Center Cinema 4,Alabang Town Center,"Digital Theater System (DTS)
Guaranteed Seating Cinema (GSC)","(63 2) 842-2289, (63 2) 850-8931, (63 2) 850-9582","
Alabang Commercial Corporation
Alabang-Zapote Road
Muntinlupa
"
Alabang Town Center Cinema 5,Alabang Town Center,DTS,"(63 2) 842-2289, (63 2) 850-8931, (63 2) 850-9582","
Alabang Commercial Corporation
Alabang-Zapote Road
Muntinlupa
"
Ayala Malls South Park Cinema 1,Ayala Malls South Park, , ,"
National Road
Brgy. Alabang
Muntinlupa City
"
Ayala Malls South Park Cinema 2,Ayala Malls South Park, , ,"
National Road
Brgy. Alabang
Muntinlupa City
"
Ayala Malls South Park Cinema 3,Ayala Malls South Park, , ,"
National Road
Brgy. Alabang
Muntinlupa City
"
Ayala Malls South Park Cinema 4,Ayala Malls South Park, , ,"
National Road
Brgy. Alabang
Muntinlupa City
"
Ayala Malls South Park Cinema 5,Ayala Malls South Park, , ,"
National Road
Brgy. Alabang
Muntinlupa City
"
Commercenter Cinemas Cinema 1,Commercenter Cinemas, ,(63 2) 893-1450,"
2nd Floor Commercenter Cinema Bldg., Filinvest and East Asia Drive
Filinvest Corporate City
Muntinlupa City
"
Commercenter Cinemas Cinema 2,Commercenter Cinemas, ,(63 2) 893-1450,"
2nd Floor Commercenter Cinema Bldg., Filinvest and East Asia Drive
Filinvest Corporate City
Muntinlupa City
"
Commercenter Cinemas Cinema 3,Commercenter Cinemas, ,(63 2) 893-1450,"
2nd Floor Commercenter Cinema Bldg., Filinvest and East Asia Drive
Filinvest Corporate City
Muntinlupa City
"
Commercenter Cinemas Cinema 4,Commercenter Cinemas, ,(63 2) 893-1450,"
2nd Floor Commercenter Cinema Bldg., Filinvest and East Asia Drive
Filinvest Corporate City
Muntinlupa City
"
Festival Supermall Festival Cinema 1,Festival Supermall,Dolby Digital Surround,"(63 2) 850-3571, (63 2) 850-3572","
Corporate Ave. cor. Civic Drive
Filinvest Corporate City, Alabang
Muntinlupa
"
Festival Supermall Festival Cinema 2,Festival Supermall,Sony Dynamic Digital Sound (SDDS),"(63 2) 850-3571, (63 2) 850-3572","
Corporate Ave. cor. Civic Drive
Filinvest Corporate City, Alabang
Muntinlupa
"
Festival Supermall Festival Cinema 3,Festival Supermall,Digital Theater Sound (DTS),"(63 2) 850-3571, (63 2) 850-3572","
Corporate Ave. cor. Civic Drive
Filinvest Corporate City, Alabang
Muntinlupa
"
Festival Supermall Festival Cinema 4,Festival Supermall, ,"(63 2) 850-3571, (63 2) 850-3572","
Corporate Ave. cor. Civic Drive
Filinvest Corporate City, Alabang
Muntinlupa
"
Festival Supermall Festival Cinema 5,Festival Supermall, ,"(63 2) 850-3571, (63 2) 850-3572","
Corporate Ave. cor. Civic Drive
Filinvest Corporate City, Alabang
Muntinlupa
"
Festival Supermall Festival Cinema 6,Festival Supermall, ,"(63 2) 850-3571, (63 2) 850-3572","
Corporate Ave. cor. Civic Drive
Filinvest Corporate City, Alabang
Muntinlupa
"
Festival Supermall Festival Cinema 7,Festival Supermall, ,"(63 2) 850-3571, (63 2) 850-3572","
Corporate Ave. cor. Civic Drive
Filinvest Corporate City, Alabang
Muntinlupa
"
Festival Supermall Festival Cinema 8,Festival Supermall,Digital Theater Sound (DTS),"(63 2) 850-3571, (63 2) 850-3572","
Corporate Ave. cor. Civic Drive
Filinvest Corporate City, Alabang
Muntinlupa
"
Festival Supermall Festival Cinema 9,Festival Supermall, ,"(63 2) 850-3571, (63 2) 850-3572","
Corporate Ave. cor. Civic Drive
Filinvest Corporate City, Alabang
Muntinlupa
"
Festival Supermall Festival Cinema 10,Festival Supermall, ,"(63 2) 850-3571, (63 2) 850-3572","
Corporate Ave. cor. Civic Drive
Filinvest Corporate City, Alabang
Muntinlupa
"
SM Supercenter Muntinlupa SM Muntinlupa Cinema 1,SM Supercenter Muntinlupa, ,(63 2) 659-1642,"
National Road
Brgy. Tunasan
Muntinlupa
"
SM Supercenter Muntinlupa SM Muntinlupa Cinema 2,SM Supercenter Muntinlupa, ,(63 2) 659-1642,"
National Road
Brgy. Tunasan
Muntinlupa
"
SM Supercenter Muntinlupa SM Muntinlupa Cinema 3,SM Supercenter Muntinlupa, ,(63 2) 659-1642,"
National Road
Brgy. Tunasan
Muntinlupa
"
SM Supercenter Muntinlupa SM Muntinlupa Cinema 4,SM Supercenter Muntinlupa, ,(63 2) 659-1642,"
National Road
Brgy. Tunasan
Muntinlupa
"
Starmall Alabang Cinema 1,Starmall Alabang,Dolby Surround,(63 2) 850-4285,"
4L, Starmall Alabang
South Super Highway, Alabang
Muntinlupa City
"
Starmall Alabang Cinema 2,Starmall Alabang,Dolby Surround,(63 2) 850-4285,"
4L, Starmall Alabang
South Super Highway, Alabang
Muntinlupa City
"
Starmall Alabang Cinema 3,Starmall Alabang,Dolby Surround,(63 2) 850-4285,"
4L, Starmall Alabang
South Super Highway, Alabang
Muntinlupa City
"
Starmall Alabang Cinema 4,Starmall Alabang,Dolby Surround,(63 2) 850-4285,"
4L, Starmall Alabang
South Super Highway, Alabang
Muntinlupa City
"
SM City BF Parañaque Cinema 1,SM City BF Parañaque, ,(63 2) 808-6157,"
Dr. A. Santos Ave. (formerly Sucat Road)
BF
Parañaque
"
SM City BF Parañaque Cinema 2,SM City BF Parañaque, ,(63 2) 808-6157,"
Dr. A. Santos Ave. (formerly Sucat Road)
BF
Parañaque
"
SM City BF Parañaque Director's  Club 1,SM City BF Parañaque, ,(63 2) 808-6157,"
Dr. A. Santos Ave. (formerly Sucat Road)
BF
Parañaque
"
SM City BF Parañaque Director's  Club 2,SM City BF Parañaque, ,(63 2) 808-6157,"
Dr. A. Santos Ave. (formerly Sucat Road)
BF
Parañaque
"
SM City BF Parañaque Director's  Club 3,SM City BF Parañaque, ,(63 2) 808-6157,"
Dr. A. Santos Ave. (formerly Sucat Road)
BF
Parañaque
"
SM City BF Parañaque Director's  Club 4,SM City BF Parañaque, ,(63 2) 808-6157,"
Dr. A. Santos Ave. (formerly Sucat Road)
BF
Parañaque
"
SM City Bicutan Cinema 1,SM City Bicutan, ,"(63 2) 776-3055, (63 2) 776-3056","
Doña Soledad Ave.
Brgy. Don Bosco
Parañaque
"
SM City Bicutan Cinema 2,SM City Bicutan, ,"(63 2) 776-3055, (63 2) 776-3056","
Doña Soledad Ave.
Brgy. Don Bosco
Parañaque
"
SM City Bicutan Cinema 3,SM City Bicutan, ,"(63 2) 776-3055, (63 2) 776-3056","
Doña Soledad Ave.
Brgy. Don Bosco
Parañaque
"
SM City Bicutan Cinema 4,SM City Bicutan, ,"(63 2) 776-3055, (63 2) 776-3056","
Doña Soledad Ave.
Brgy. Don Bosco
Parañaque
"
SM City Sucat Cinema 1,SM City Sucat, ,"(63 2) 829-4975, (63 2) 829-4976","
Dr. A. Santos Ave. (formerly Sucat Road)
Barangay San Dioniso
Parañaque
"
SM City Sucat Cinema 2,SM City Sucat, ,"(63 2) 829-4975, (63 2) 829-4976","
Dr. A. Santos Ave. (formerly Sucat Road)
Barangay San Dioniso
Parañaque
"
SM City Sucat Cinema 3,SM City Sucat, ,"(63 2) 829-4975, (63 2) 829-4976","
Dr. A. Santos Ave. (formerly Sucat Road)
Barangay San Dioniso
Parañaque
"
SM City Sucat Cinema 4,SM City Sucat, ,"(63 2) 829-4975, (63 2) 829-4976","
Dr. A. Santos Ave. (formerly Sucat Road)
Barangay San Dioniso
Parañaque
"
Newport Mall Newport Ultra Cinema 1,Newport Mall,"Located at the 4th level of Newport Mall, It has an 80 fully reclining seats with cubicle enclosures per pair to attain utmost privacy. Each cublicle also has an addressable button to call ushers or butlers into their seats.",(63 2) 836-6333,"
100 Andrew's Avenue
Newport City
Pasay City
"
Newport Mall Newport Cinema 2,Newport Mall,"The Newport Cinemas are located at the 4th level of Newport Mall, Resorts World Manila, Pasay City.",(63 2) 836-6333,"
100 Andrew's Avenue
Newport City
Pasay City
"
Newport Mall Newport Cinema 3,Newport Mall,"The Newport Cinemas are located at the 4th level of Newport Mall, Resorts World Manila, Pasay City.",(63 2) 836-6333,"
100 Andrew's Avenue
Newport City
Pasay City
"
Newport Mall Newport Cinema 4,Newport Mall,"The Newport Cinemas are located at the 4th level of Newport Mall, Resorts World Manila, Pasay City.",(63 2) 836-6333,"
100 Andrew's Avenue
Newport City
Pasay City
"
Ayala Malls Feliz Cinema 1,Ayala Malls Feliz, , ,"
Marcos Highway (Marikina-Infanta Highway)
Brgy. Dela Paz
Pasig City
"
Ayala Malls Feliz Cinema 2,Ayala Malls Feliz, , ,"
Marcos Highway (Marikina-Infanta Highway)
Brgy. Dela Paz
Pasig City
"
Ayala Malls Feliz Cinema 3,Ayala Malls Feliz, , ,"
Marcos Highway (Marikina-Infanta Highway)
Brgy. Dela Paz
Pasig City
"
Ayala Malls Feliz Cinema 4,Ayala Malls Feliz, , ,"
Marcos Highway (Marikina-Infanta Highway)
Brgy. Dela Paz
Pasig City
"
Ayala Malls The 30th Cinema 1,Ayala Malls The 30th, , ,"
30 Meralco Avenue
Pasig City
"
Ayala Malls The 30th Cinema 2,Ayala Malls The 30th, , ,"
30 Meralco Avenue
Pasig City
"
Ayala Malls The 30th Cinema 3,Ayala Malls The 30th, , ,"
30 Meralco Avenue
Pasig City
"
Ayala Malls The 30th Cinema 4,Ayala Malls The 30th, , ,"
30 Meralco Avenue
Pasig City
"
Robinsons Metro East Cinema 1,Robinsons Metro East, ,"(632) 249-0157, (63 2) 682-8199, (63 2) 249-0401, (63 2) 249-0168","
Dela Paz Marcos Highway
Pasig City
"
Robinsons Metro East Cinema 2,Robinsons Metro East, ,"(632) 249-0157, (63 2) 682-8199, (63 2) 249-0401, (63 2) 249-0168","
Dela Paz Marcos Highway
Pasig City
"
Robinsons Metro East Cinema 3,Robinsons Metro East, ,"(632) 249-0157, (63 2) 682-8199, (63 2) 249-0401, (63 2) 249-0168","
Dela Paz Marcos Highway
Pasig City
"
Robinsons Metro East Cinema 4,Robinsons Metro East, ,"(632) 249-0157, (63 2) 682-8199, (63 2) 249-0401, (63 2) 249-0168","
Dela Paz Marcos Highway
Pasig City
"
Robinsons Metro East Cinema 5,Robinsons Metro East, ,"(632) 249-0157, (63 2) 682-8199, (63 2) 249-0401, (63 2) 249-0168","
Dela Paz Marcos Highway
Pasig City
"
Robinsons Metro East Cinema 6,Robinsons Metro East, ,"(632) 249-0157, (63 2) 682-8199, (63 2) 249-0401, (63 2) 249-0168","
Dela Paz Marcos Highway
Pasig City
"
Robinsons Metro East Cinema 7,Robinsons Metro East, ,"(632) 249-0157, (63 2) 682-8199, (63 2) 249-0401, (63 2) 249-0168","
Dela Paz Marcos Highway
Pasig City
"
Robinsons Metro East Cinema 8,Robinsons Metro East, ,"(632) 249-0157, (63 2) 682-8199, (63 2) 249-0401, (63 2) 249-0168","
Dela Paz Marcos Highway
Pasig City
"
SM City East Ortigas Digital Cinema 1,SM City East Ortigas, ,"(63 2) 721-1761, (63 2) 721-1762","
Ortigas Avenue Extn.
Brgy. Sta. Lucia
Pasig
"
SM City East Ortigas Digital Cinema 2,SM City East Ortigas, ,"(63 2) 721-1761, (63 2) 721-1762","
Ortigas Avenue Extn.
Brgy. Sta. Lucia
Pasig
"
SM City East Ortigas Digital Cinema 3,SM City East Ortigas, ,"(63 2) 721-1761, (63 2) 721-1762","
Ortigas Avenue Extn.
Brgy. Sta. Lucia
Pasig
"
SM City East Ortigas Digital Cinema 4,SM City East Ortigas, ,"(63 2) 721-1761, (63 2) 721-1762","
Ortigas Avenue Extn.
Brgy. Sta. Lucia
Pasig
"
SM City East Ortigas Director's Club Cinema 1,SM City East Ortigas, ,"(63 2) 721-1761, (63 2) 721-1762","
Ortigas Avenue Extn.
Brgy. Sta. Lucia
Pasig
"
SM City East Ortigas Director's Club Cinema 2,SM City East Ortigas, ,"(63 2) 721-1761, (63 2) 721-1762","
Ortigas Avenue Extn.
Brgy. Sta. Lucia
Pasig
"
SM City East Ortigas Director's Club Cinema 3,SM City East Ortigas, ,"(63 2) 721-1761, (63 2) 721-1762","
Ortigas Avenue Extn.
Brgy. Sta. Lucia
Pasig
"
SM City East Ortigas Director's Club Cinema 4,SM City East Ortigas, ,"(63 2) 721-1761, (63 2) 721-1762","
Ortigas Avenue Extn.
Brgy. Sta. Lucia
Pasig
"
Ali Mall Cineplex 1,Ali Mall, ,(63 2) 911-3101 Loc. 8281,"
Araneta Center
Cubao
Quezon City
"
Ali Mall Cineplex 2,Ali Mall, ,(63 2) 911-3101 Loc. 8281,"
Araneta Center
Cubao
Quezon City
"
Ali Mall Cineplex 3,Ali Mall,DDS,(63 2) 911-3101 Loc. 8281,"
Araneta Center
Cubao
Quezon City
"
Ali Mall Cineplex 4,Ali Mall,SDDS,(63 2) 911-3101 Loc. 8281,"
Araneta Center
Cubao
Quezon City
"
Ayala Fairview Terraces Cinema 1,Ayala Fairview Terraces, , ,"
4th Level Fairview Terraces, Quirino Hi-way
Novaliches
Quezon City
"
Ayala Fairview Terraces Cinema 2,Ayala Fairview Terraces, , ,"
4th Level Fairview Terraces, Quirino Hi-way
Novaliches
Quezon City
"
Ayala Fairview Terraces Cinema 3,Ayala Fairview Terraces, , ,"
4th Level Fairview Terraces, Quirino Hi-way
Novaliches
Quezon City
"
Ayala Fairview Terraces Cinema 4,Ayala Fairview Terraces, , ,"
4th Level Fairview Terraces, Quirino Hi-way
Novaliches
Quezon City
"
Ayala Fairview Terraces Cinema 5,Ayala Fairview Terraces, , ,"
4th Level Fairview Terraces, Quirino Hi-way
Novaliches
Quezon City
"
Ayala Fairview Terraces Cinema 6,Ayala Fairview Terraces, , ,"
4th Level Fairview Terraces, Quirino Hi-way
Novaliches
Quezon City
"
Ayala Malls Cloverleaf Cinema 1,Ayala Malls Cloverleaf, , ,"
A. Bonifacio Avenue
Brgy. Balingasa
Quezon City
"
Ayala Malls Cloverleaf Cinema 2,Ayala Malls Cloverleaf, , ,"
A. Bonifacio Avenue
Brgy. Balingasa
Quezon City
"
Ayala Malls Cloverleaf Cinema 3,Ayala Malls Cloverleaf, , ,"
A. Bonifacio Avenue
Brgy. Balingasa
Quezon City
"
Ayala Malls Cloverleaf Cinema 4,Ayala Malls Cloverleaf, , ,"
A. Bonifacio Avenue
Brgy. Balingasa
Quezon City
"
Ayala Malls Cloverleaf Cinema 5,Ayala Malls Cloverleaf, , ,"
A. Bonifacio Avenue
Brgy. Balingasa
Quezon City
"
Ayala Malls Cloverleaf Cinema 6,Ayala Malls Cloverleaf, , ,"
A. Bonifacio Avenue
Brgy. Balingasa
Quezon City
"
Ayala Malls Vertis North Cinema 1,Ayala Malls Vertis North, , ,"
North Avenue
Brgy. Bagong Pag-asa
Quezon City
"
Ayala Malls Vertis North Cinema 2,Ayala Malls Vertis North, , ,"
North Avenue
Brgy. Bagong Pag-asa
Quezon City
"
Ayala Malls Vertis North Cinema 3,Ayala Malls Vertis North, , ,"
North Avenue
Brgy. Bagong Pag-asa
Quezon City
"
Fisher Mall Cinema 1,Fisher Mall, , ,"
325 Quezon Ave. corner Roosevelt Ave.
Brgy. Sta. Cruz
Quezon City
"
Fisher Mall Cinema 2,Fisher Mall, , ,"
325 Quezon Ave. corner Roosevelt Ave.
Brgy. Sta. Cruz
Quezon City
"
Fisher Mall Cinema 3,Fisher Mall, , ,"
325 Quezon Ave. corner Roosevelt Ave.
Brgy. Sta. Cruz
Quezon City
"
Fisher Mall Cinema 4,Fisher Mall, , ,"
325 Quezon Ave. corner Roosevelt Ave.
Brgy. Sta. Cruz
Quezon City
"
Fisher Mall Cinema 5,Fisher Mall, , ,"
325 Quezon Ave. corner Roosevelt Ave.
Brgy. Sta. Cruz
Quezon City
"
Fisher Mall VIP Cinema 1,Fisher Mall, , ,"
325 Quezon Ave. corner Roosevelt Ave.
Brgy. Sta. Cruz
Quezon City
"
Fisher Mall VIP Cinema 2,Fisher Mall, , ,"
325 Quezon Ave. corner Roosevelt Ave.
Brgy. Sta. Cruz
Quezon City
"
Fisher Mall VIP Parkway Cinema,Fisher Mall, , ,"
325 Quezon Ave. corner Roosevelt Ave.
Brgy. Sta. Cruz
Quezon City
"
Gateway Mall Gateway Cineplex 1,Gateway Mall, ,(63 2) 911-3101,"
Araneta Center
Quezon City
"
Gateway Mall Gateway Cineplex 2,Gateway Mall, ,(63 2) 911-3101,"
Araneta Center
Quezon City
"
Gateway Mall Gateway Cineplex 3,Gateway Mall, ,(63 2) 911-3101,"
Araneta Center
Quezon City
"
Gateway Mall Gateway Cineplex 4,Gateway Mall, ,(63 2) 911-3101,"
Araneta Center
Quezon City
"
Gateway Mall Gateway Cineplex 5,Gateway Mall, ,(63 2) 911-3101,"
Araneta Center
Quezon City
"
Gateway Mall Gateway Cineplex 6,Gateway Mall, ,(63 2) 911-3101,"
Araneta Center
Quezon City
"
Gateway Mall Gateway Cineplex 7,Gateway Mall, ,(63 2) 911-3101,"
Araneta Center
Quezon City
"
Gateway Mall Gateway Cineplex 8,Gateway Mall, ,(63 2) 911-3101,"
Araneta Center
Quezon City
"
Gateway Mall Gateway Cineplex 9,Gateway Mall, ,(63 2) 911-3101,"
Araneta Center
Quezon City
"
Gateway Mall Gateway Cineplex 10 (Platinum Cinema),Gateway Mall, ,(63 2) 911-3101,"
Araneta Center
Quezon City
"
Robinsons Galleria Cinema 1,Robinsons Galleria,THX Sound,(63 2) 397-1888 local 690,"
EDSA cor. Ortigas Ave.
Quezon City
"
Robinsons Galleria Cinema 2,Robinsons Galleria, ,(63 2) 397-1888 local 690,"
EDSA cor. Ortigas Ave.
Quezon City
"
Robinsons Galleria Cinema 3,Robinsons Galleria, ,(63 2) 397-1888 local 690,"
EDSA cor. Ortigas Ave.
Quezon City
"
Robinsons Galleria Cinema 4,Robinsons Galleria, ,(63 2) 397-1888 local 690,"
EDSA cor. Ortigas Ave.
Quezon City
"
Robinsons Galleria Cinema 5,Robinsons Galleria, ,(63 2) 397-1888 local 690,"
EDSA cor. Ortigas Ave.
Quezon City
"
Robinsons Galleria Cinema 6,Robinsons Galleria,Digital Theater System,(63 2) 397-1888 local 690,"
EDSA cor. Ortigas Ave.
Quezon City
"
Robinsons Galleria Cinema 7,Robinsons Galleria, ,(63 2) 397-1888 local 690,"
EDSA cor. Ortigas Ave.
Quezon City
"
Robinsons Galleria Cinema 8,Robinsons Galleria, ,(63 2) 397-1888 local 690,"
EDSA cor. Ortigas Ave.
Quezon City
"
Robinsons Galleria Cinema 9,Robinsons Galleria,Dolby Stereo,(63 2) 397-1888 local 690,"
EDSA cor. Ortigas Ave.
Quezon City
"
Robinsons Galleria Cinema 10,Robinsons Galleria,Dolby Stereo,(63 2) 397-1888 local 690,"
EDSA cor. Ortigas Ave.
Quezon City
"
Robinsons Magnolia Cinema 1,Robinsons Magnolia, ,"(63 2) 961-5275, (63 2) 961-5276, (63 2) 961-5277, (63 2) 961-5278","
Aurora Blvd. corner Doña M. Hemady St.
New Manila
Quezon City
"
Robinsons Magnolia Cinema 2,Robinsons Magnolia, ,"(63 2) 961-5275, (63 2) 961-5276, (63 2) 961-5277, (63 2) 961-5278","
Aurora Blvd. corner Doña M. Hemady St.
New Manila
Quezon City
"
Robinsons Magnolia Cinema 3,Robinsons Magnolia, ,"(63 2) 961-5275, (63 2) 961-5276, (63 2) 961-5277, (63 2) 961-5278","
Aurora Blvd. corner Doña M. Hemady St.
New Manila
Quezon City
"
Robinsons Magnolia Cinema 4,Robinsons Magnolia, ,"(63 2) 961-5275, (63 2) 961-5276, (63 2) 961-5277, (63 2) 961-5278","
Aurora Blvd. corner Doña M. Hemady St.
New Manila
Quezon City
"
SM City Fairview Cinema  1,SM City Fairview,Dolby Surround,"(63 2) 935-0749, (63 2) 939-1379","
202 Quirino Highway cor. Regalado Ave.
Fairview
Quezon City
"
SM City Fairview Cinema  2,SM City Fairview,Dolby Surround,"(63 2) 935-0749, (63 2) 939-1379","
202 Quirino Highway cor. Regalado Ave.
Fairview
Quezon City
"
SM City Fairview Cinema  3,SM City Fairview,Dolby Surround,"(63 2) 935-0749, (63 2) 939-1379","
202 Quirino Highway cor. Regalado Ave.
Fairview
Quezon City
"
SM City Fairview Cinema  4,SM City Fairview,Dolby Digital,"(63 2) 935-0749, (63 2) 939-1379","
202 Quirino Highway cor. Regalado Ave.
Fairview
Quezon City
"
SM City Fairview Cinema  5,SM City Fairview,Dolby Surround,"(63 2) 935-0749, (63 2) 939-1379","
202 Quirino Highway cor. Regalado Ave.
Fairview
Quezon City
"
SM City Fairview Cinema  6,SM City Fairview,Dolby Surround,"(63 2) 935-0749, (63 2) 939-1379","
202 Quirino Highway cor. Regalado Ave.
Fairview
Quezon City
"
SM City Fairview Cinema  7,SM City Fairview,Dolby Digital,"(63 2) 935-0749, (63 2) 939-1379","
202 Quirino Highway cor. Regalado Ave.
Fairview
Quezon City
"
SM City Fairview Cinema  8,SM City Fairview,Dolby Surround,"(63 2) 935-0749, (63 2) 939-1379","
202 Quirino Highway cor. Regalado Ave.
Fairview
Quezon City
"
SM City Fairview Cinema  9,SM City Fairview,Dolby Surround,"(63 2) 935-0749, (63 2) 939-1379","
202 Quirino Highway cor. Regalado Ave.
Fairview
Quezon City
"
SM City Fairview Cinema 10,SM City Fairview,Dolby Surround,"(63 2) 935-0749, (63 2) 939-1379","
202 Quirino Highway cor. Regalado Ave.
Fairview
Quezon City
"
SM City Fairview Cinema 11,SM City Fairview,Dolby Surround,"(63 2) 935-0749, (63 2) 939-1379","
202 Quirino Highway cor. Regalado Ave.
Fairview
Quezon City
"
SM City Fairview Cinema 12,SM City Fairview,Dolby Surround,"(63 2) 935-0749, (63 2) 939-1379","
202 Quirino Highway cor. Regalado Ave.
Fairview
Quezon City
"
SM City Novaliches Cinema 1,SM City Novaliches, ,"(63 2) 442-5350,(63 2) 442-5352","
Quirino Highway
Brgy. San Bartolome
Quezon City
"
SM City Novaliches Cinema 2,SM City Novaliches, ,"(63 2) 442-5350,(63 2) 442-5352","
Quirino Highway
Brgy. San Bartolome
Quezon City
"
SM City Novaliches Cinema 3,SM City Novaliches, ,"(63 2) 442-5350,(63 2) 442-5352","
Quirino Highway
Brgy. San Bartolome
Quezon City
"
SM City Novaliches Cinema 4,SM City Novaliches, ,"(63 2) 442-5350,(63 2) 442-5352","
Quirino Highway
Brgy. San Bartolome
Quezon City
"
SM City Sta. Mesa Cinema  1,SM City Sta. Mesa,Dolby Surround,"(63 2) 716-1416, (63 2) 714-9518","
Ramon Magsaysay St. cor. Araneta Ave.
Sta. Mesa
Quezon City
"
SM City Sta. Mesa Cinema  2,SM City Sta. Mesa,Dolby Surround,"(63 2) 716-1416, (63 2) 714-9518","
Ramon Magsaysay St. cor. Araneta Ave.
Sta. Mesa
Quezon City
"
SM City Sta. Mesa Cinema  3,SM City Sta. Mesa,DTS,"(63 2) 716-1416, (63 2) 714-9518","
Ramon Magsaysay St. cor. Araneta Ave.
Sta. Mesa
Quezon City
"
SM City Sta. Mesa Cinema  4,SM City Sta. Mesa,Dolby Surround,"(63 2) 716-1416, (63 2) 714-9518","
Ramon Magsaysay St. cor. Araneta Ave.
Sta. Mesa
Quezon City
"
SM City Sta. Mesa Cinema  5,SM City Sta. Mesa,Dolby Digital,"(63 2) 716-1416, (63 2) 714-9518","
Ramon Magsaysay St. cor. Araneta Ave.
Sta. Mesa
Quezon City
"
SM City Sta. Mesa Cinema  6,SM City Sta. Mesa,Synthesized Surround,"(63 2) 716-1416, (63 2) 714-9518","
Ramon Magsaysay St. cor. Araneta Ave.
Sta. Mesa
Quezon City
"
SM City Sta. Mesa Cinema  7,SM City Sta. Mesa,Dolby Surround,"(63 2) 716-1416, (63 2) 714-9518","
Ramon Magsaysay St. cor. Araneta Ave.
Sta. Mesa
Quezon City
"
SM City Sta. Mesa Cinema  8,SM City Sta. Mesa,Dolby Surround,"(63 2) 716-1416, (63 2) 714-9518","
Ramon Magsaysay St. cor. Araneta Ave.
Sta. Mesa
Quezon City
"
SM City Sta. Mesa Cinema  9,SM City Sta. Mesa,Dolby Surround,"(63 2) 716-1416, (63 2) 714-9518","
Ramon Magsaysay St. cor. Araneta Ave.
Sta. Mesa
Quezon City
"
SM City Sta. Mesa Cinema  10,SM City Sta. Mesa,Synthesized Surround,"(63 2) 716-1416, (63 2) 714-9518","
Ramon Magsaysay St. cor. Araneta Ave.
Sta. Mesa
Quezon City
"
TriNoma Mall TriNoma Cinema 1,TriNoma Mall, ,"(63 2) 901-3693, (63 2) 901-3694, (63 2) 901-3695","
EDSA cor. North Ave.
Quezon City
"
TriNoma Mall TriNoma Cinema 2,TriNoma Mall, ,"(63 2) 901-3693, (63 2) 901-3694, (63 2) 901-3695","
EDSA cor. North Ave.
Quezon City
"
TriNoma Mall TriNoma Cinema 3,TriNoma Mall, ,"(63 2) 901-3693, (63 2) 901-3694, (63 2) 901-3695","
EDSA cor. North Ave.
Quezon City
"
TriNoma Mall TriNoma Cinema 4,TriNoma Mall, ,"(63 2) 901-3693, (63 2) 901-3694, (63 2) 901-3695","
EDSA cor. North Ave.
Quezon City
"
TriNoma Mall TriNoma Cinema 5,TriNoma Mall, ,"(63 2) 901-3693, (63 2) 901-3694, (63 2) 901-3695","
EDSA cor. North Ave.
Quezon City
"
TriNoma Mall TriNoma Cinema 6,TriNoma Mall, ,"(63 2) 901-3693, (63 2) 901-3694, (63 2) 901-3695","
EDSA cor. North Ave.
Quezon City
"
TriNoma Mall TriNoma Cinema 7,TriNoma Mall, ,"(63 2) 901-3693, (63 2) 901-3694, (63 2) 901-3695","
EDSA cor. North Ave.
Quezon City
"
U.P. Town Center Cinema 1,U.P. Town Center, , ,"
Katipunan Ave.
Diliman
Quezon City
"
U.P. Town Center Cinema 2,U.P. Town Center, , ,"
Katipunan Ave.
Diliman
Quezon City
"
U.P. Town Center Cinema 3,U.P. Town Center, , ,"
Katipunan Ave.
Diliman
Quezon City
"
U.P. Town Center Cinema 4,U.P. Town Center, , ,"
Katipunan Ave.
Diliman
Quezon City
"
Cinema '76 ,Cinema '76, , ,"
160 Luna Mencias St.
Brgy. Addition Hills
San Juan
"
Santolan Town Plaza Power Plant Cinema 1,Santolan Town Plaza, , ,"
Santolan Rd.
Brgy. Little Baguio
San Juan
"
Santolan Town Plaza Power Plant Cinema 2,Santolan Town Plaza, , ,"
Santolan Rd.
Brgy. Little Baguio
San Juan
"
Santolan Town Plaza Power Plant Cinema 3,Santolan Town Plaza, , ,"
Santolan Rd.
Brgy. Little Baguio
San Juan
"
Santolan Town Plaza Power Plant Cinema 4,Santolan Town Plaza, , ,"
Santolan Rd.
Brgy. Little Baguio
San Juan
"
Bonifacio High Street Cinema 1 (ATMOS),Bonifacio High Street, ,(+632) 956-8942.,"
3F Central Square
5th Avenue cor. 30th Street, Bonifacio Global City
Taguig
"
Bonifacio High Street Cinema 2 (ATMOS),Bonifacio High Street, ,(+632) 956-8942.,"
3F Central Square
5th Avenue cor. 30th Street, Bonifacio Global City
Taguig
"
Bonifacio High Street Cinema 3,Bonifacio High Street, ,(+632) 956-8942.,"
3F Central Square
5th Avenue cor. 30th Street, Bonifacio Global City
Taguig
"
Bonifacio High Street Cinema 4,Bonifacio High Street, ,(+632) 956-8942.,"
3F Central Square
5th Avenue cor. 30th Street, Bonifacio Global City
Taguig
"
Market! Market! Market Market Cinema 1,Market! Market!, ,(63 2) 886-7516,"
26th St. cor. C5
Bonifacio Global City
Taguig
"
Market! Market! Market Market Cinema 2,Market! Market!, ,(63 2) 886-7516,"
26th St. cor. C5
Bonifacio Global City
Taguig
"
Market! Market! Market Market Cinema 3,Market! Market!, ,(63 2) 886-7516,"
26th St. cor. C5
Bonifacio Global City
Taguig
"
Market! Market! Market Market Cinema 4,Market! Market!, ,(63 2) 886-7516,"
26th St. cor. C5
Bonifacio Global City
Taguig
"
Market! Market! Market Market Cinema 5,Market! Market!, ,(63 2) 886-7516,"
26th St. cor. C5
Bonifacio Global City
Taguig
"
Market! Market! Market Market Cinema 6,Market! Market!, ,(63 2) 886-7516,"
26th St. cor. C5
Bonifacio Global City
Taguig
"
Market! Market! Market Market Cinema 7,Market! Market!, ,(63 2) 886-7516,"
26th St. cor. C5
Bonifacio Global City
Taguig
"
SM Aura Premier Cinema 1,SM Aura Premier, ,(63 2) 808-5331,"
4th Floor SM Aura Premier, 26th St. corner McKinley Parkway
Bonifacio Global City
Taguig
"
SM Aura Premier Cinema 2,SM Aura Premier, ,(63 2) 808-5331,"
4th Floor SM Aura Premier, 26th St. corner McKinley Parkway
Bonifacio Global City
Taguig
"
SM Aura Premier Director's Club 1,SM Aura Premier, ,(63 2) 808-5331,"
4th Floor SM Aura Premier, 26th St. corner McKinley Parkway
Bonifacio Global City
Taguig
"
SM Aura Premier Director's Club 2,SM Aura Premier, ,(63 2) 808-5331,"
4th Floor SM Aura Premier, 26th St. corner McKinley Parkway
Bonifacio Global City
Taguig
"
SM Aura Premier IMAX,SM Aura Premier, ,(63 2) 808-5331,"
4th Floor SM Aura Premier, 26th St. corner McKinley Parkway
Bonifacio Global City
Taguig
"
Uptown Mall Cinema 1,Uptown Mall, ,(63 2) 869-9029,"
3rd Level, Uptown Mall
9th Ave. corner 36th St., Uptown Bonifacio, The Fort
Taguig
"
Uptown Mall Cinema 2,Uptown Mall, ,(63 2) 869-9029,"
3rd Level, Uptown Mall
9th Ave. corner 36th St., Uptown Bonifacio, The Fort
Taguig
"
Uptown Mall Cinema 3,Uptown Mall, ,(63 2) 869-9029,"
3rd Level, Uptown Mall
9th Ave. corner 36th St., Uptown Bonifacio, The Fort
Taguig
"
Uptown Mall Cinema 4,Uptown Mall, ,(63 2) 869-9029,"
3rd Level, Uptown Mall
9th Ave. corner 36th St., Uptown Bonifacio, The Fort
Taguig
"
Uptown Mall VIP Cinema,Uptown Mall, ,(63 2) 869-9029,"
3rd Level, Uptown Mall
9th Ave. corner 36th St., Uptown Bonifacio, The Fort
Taguig
"
Venice Grand Canal Mall Venice Cineplex Cinema 1,Venice Grand Canal Mall, , ,"
3rd Level, Venice Grand Canal Mall
Upper McKinley Road, McKinley Hill, BGC
Taguig
"
Venice Grand Canal Mall Venice Cineplex Cinema 2,Venice Grand Canal Mall, , ,"
3rd Level, Venice Grand Canal Mall
Upper McKinley Road, McKinley Hill, BGC
Taguig
"
Venice Grand Canal Mall Venice Cineplex Cinema 3,Venice Grand Canal Mall, , ,"
3rd Level, Venice Grand Canal Mall
Upper McKinley Road, McKinley Hill, BGC
Taguig
"
Venice Grand Canal Mall Venice Cineplex VIP Cinema,Venice Grand Canal Mall, , ,"
3rd Level, Venice Grand Canal Mall
Upper McKinley Road, McKinley Hill, BGC
Taguig
"
Venice Grand Canal Mall Venice Cineplex Cinema 5,Venice Grand Canal Mall, , ,"
3rd Level, Venice Grand Canal Mall
Upper McKinley Road, McKinley Hill, BGC
Taguig
"
Vista Mall Taguig VIP Cinema 1,Vista Mall Taguig, ,(63 947) 838-8282,"
Vista Mall Phase 2, Bgy. Tuktukan
Taguig
"
Vista Mall Taguig Cinema 2,Vista Mall Taguig, ,(63 947) 838-8282,"
Vista Mall Phase 2, Bgy. Tuktukan
Taguig
"
Vista Mall Taguig Cinema 3,Vista Mall Taguig, ,(63 947) 838-8282,"
Vista Mall Phase 2, Bgy. Tuktukan
Taguig
"
One Mall Valenzuela One Mall Sky Theater Cinema 1,One Mall Valenzuela, , ,"
Gen. T. De Leon Road
Brgy. Gen. T. De Leon
Valenzuela
"
One Mall Valenzuela One Mall Sky Theater Cinema 2,One Mall Valenzuela, , ,"
Gen. T. De Leon Road
Brgy. Gen. T. De Leon
Valenzuela
"
One Mall Valenzuela One Mall Sky Theater Cinema 3,One Mall Valenzuela, , ,"
Gen. T. De Leon Road
Brgy. Gen. T. De Leon
Valenzuela
"
SM Valenzuela Cinema 1,SM Valenzuela, ,(63 2) 293-3917,"
Brgy. Karuhatan
Valenzuela
"
SM Valenzuela Cinema 2,SM Valenzuela, ,(63 2) 293-3917,"
Brgy. Karuhatan
Valenzuela
"
SM Valenzuela Cinema 3,SM Valenzuela, ,(63 2) 293-3917,"
Brgy. Karuhatan
Valenzuela
"
SM Valenzuela Cinema 4,SM Valenzuela, ,(63 2) 293-3917,"
Brgy. Karuhatan
Valenzuela
"
SM Center Sangandaan Cinema 1,SM Center Sangandaan, , ,"
Marcelo H. Del Pilar St. corner Samson Road
Brgy 003
Caloocan City
"
SM Center Sangandaan Cinema 2,SM Center Sangandaan, , ,"
Marcelo H. Del Pilar St. corner Samson Road
Brgy 003
Caloocan City
"
SM Center Sangandaan Cinema 3,SM Center Sangandaan, , ,"
Marcelo H. Del Pilar St. corner Samson Road
Brgy 003
Caloocan City
"
SM Center Sangandaan Cinema 4,SM Center Sangandaan, , ,"
Marcelo H. Del Pilar St. corner Samson Road
Brgy 003
Caloocan City
"
Evia Lifestyle Center MX4D Cinema 1,Evia Lifestyle Center, ,(63 977) 235-6541,"
Evia Lifestyle Center in Bgy. Tindig na Mangga
Daang-Hari, Almanza Dos
Las Piñas City
"
Evia Lifestyle Center VIP Cinema 2,Evia Lifestyle Center, ,(63 977) 235-6541,"
Evia Lifestyle Center in Bgy. Tindig na Mangga
Daang-Hari, Almanza Dos
Las Piñas City
"
Evia Lifestyle Center Cinema 3,Evia Lifestyle Center, ,(63 977) 235-6541,"
Evia Lifestyle Center in Bgy. Tindig na Mangga
Daang-Hari, Almanza Dos
Las Piñas City
"
Evia Lifestyle Center Cinema 4,Evia Lifestyle Center, ,(63 977) 235-6541,"
Evia Lifestyle Center in Bgy. Tindig na Mangga
Daang-Hari, Almanza Dos
Las Piñas City
"
Robinsons Place Las Piñas Cinema 1,Robinsons Place Las Piñas, ,(63 2) 886-9234,"
Level 2, 345 Alabang-Zapote Road
Las Piñas City
"
Robinsons Place Las Piñas Cinema 2,Robinsons Place Las Piñas, ,(63 2) 886-9234,"
Level 2, 345 Alabang-Zapote Road
Las Piñas City
"
Robinsons Place Las Piñas Cinema 3,Robinsons Place Las Piñas, ,(63 2) 886-9234,"
Level 2, 345 Alabang-Zapote Road
Las Piñas City
"
Robinsons Place Las Piñas Cinema 4,Robinsons Place Las Piñas, ,(63 2) 886-9234,"
Level 2, 345 Alabang-Zapote Road
Las Piñas City
"
SM SouthMall Digital Theater,SM SouthMall,Ultra Surround,"(63 2) 806-6888, (63 2) 806-6782","
Almanza
Alabang-Zapote National Rd.
Las Piñas City
"
SM SouthMall Cinema  2,SM SouthMall,Ultra Surround,"(63 2) 806-6888, (63 2) 806-6782","
Almanza
Alabang-Zapote National Rd.
Las Piñas City
"
SM SouthMall Cinema  3,SM SouthMall,Dolby Digital EX,"(63 2) 806-6888, (63 2) 806-6782","
Almanza
Alabang-Zapote National Rd.
Las Piñas City
"
SM SouthMall Cinema  4,SM SouthMall,Ultra Surround,"(63 2) 806-6888, (63 2) 806-6782","
Almanza
Alabang-Zapote National Rd.
Las Piñas City
"
SM SouthMall Cinema  5,SM SouthMall,Ultra Surround,"(63 2) 806-6888, (63 2) 806-6782","
Almanza
Alabang-Zapote National Rd.
Las Piñas City
"
SM SouthMall Cinema  6,SM SouthMall,Ultra Surround,"(63 2) 806-6888, (63 2) 806-6782","
Almanza
Alabang-Zapote National Rd.
Las Piñas City
"
SM SouthMall Cinema  7,SM SouthMall,Ultra Surround,"(63 2) 806-6888, (63 2) 806-6782","
Almanza
Alabang-Zapote National Rd.
Las Piñas City
"
SM SouthMall Cinema  8,SM SouthMall,Dolby Digital EX,"(63 2) 806-6888, (63 2) 806-6782","
Almanza
Alabang-Zapote National Rd.
Las Piñas City
"
SM SouthMall IMAX,SM SouthMall,Ultra Surround,"(63 2) 806-6888, (63 2) 806-6782","
Almanza
Alabang-Zapote National Rd.
Las Piñas City
"
Vista Mall Las Piñas Cinema 1,Vista Mall Las Piñas, , ,"
C.V. Starr Ave.
Philamlife Village, Pamplona II
Las Piñas City
"
Vista Mall Las Piñas Cinema 2,Vista Mall Las Piñas, , ,"
C.V. Starr Ave.
Philamlife Village, Pamplona II
Las Piñas City
"
Vista Mall Las Piñas Cinema 3,Vista Mall Las Piñas, , ,"
C.V. Starr Ave.
Philamlife Village, Pamplona II
Las Piñas City
"
Vista Mall Las Piñas Cinema 4,Vista Mall Las Piñas, , ,"
C.V. Starr Ave.
Philamlife Village, Pamplona II
Las Piñas City
"
Cash and Carry Cash & Carry Cinema 1,Cash and Carry, ,(63 2) 856-5488,"
Corner Buendia and South Super Highway
Makati City
"
Cash and Carry Cash & Carry Cinema 2,Cash and Carry, ,(63 2) 856-5488,"
Corner Buendia and South Super Highway
Makati City
"
Century City Mall Cinema 1,Century City Mall, ,(63 2) 705-6200 loc 124,"
3rd Floor Century City Mall, Kalayaan Ave. cor. Salamanca St.
Brgy. Poblacion
Makati City
"
Century City Mall Cinema 2,Century City Mall, ,(63 2) 705-6200 loc 124,"
3rd Floor Century City Mall, Kalayaan Ave. cor. Salamanca St.
Brgy. Poblacion
Makati City
"
Century City Mall Premier Cinema 3,Century City Mall, ,(63 2) 705-6200 loc 124,"
3rd Floor Century City Mall, Kalayaan Ave. cor. Salamanca St.
Brgy. Poblacion
Makati City
"
Century City Mall Cinema 4,Century City Mall, ,(63 2) 705-6200 loc 124,"
3rd Floor Century City Mall, Kalayaan Ave. cor. Salamanca St.
Brgy. Poblacion
Makati City
"
Glorietta 4 Cinema 1,Glorietta 4,Dolby Stereo Digital,"(63 2) 752-7880, (63 2) 752-7881, (63 2) 752-7882","
4th Level Glorietta 4, Ayala Center
Makati City
"
Glorietta 4 Cinema 2,Glorietta 4,Dolby Stereo Digital,"(63 2) 752-7880, (63 2) 752-7881, (63 2) 752-7882","
4th Level Glorietta 4, Ayala Center
Makati City
"
Glorietta 4 Cinema 3,Glorietta 4,"Sony Dynamic Digital Sound (SDDS), Digital Theater System (DTS), Dolby Stereo Digital (DSD)","(63 2) 752-7880, (63 2) 752-7881, (63 2) 752-7882","
4th Level Glorietta 4, Ayala Center
Makati City
"
Glorietta 4 Cinema 4,Glorietta 4,DTS,"(63 2) 752-7880, (63 2) 752-7881, (63 2) 752-7882","
4th Level Glorietta 4, Ayala Center
Makati City
"
Glorietta 4 Cinema 5,Glorietta 4,Digital Theater System,"(63 2) 752-7880, (63 2) 752-7881, (63 2) 752-7882","
4th Level Glorietta 4, Ayala Center
Makati City
"
Glorietta 4 Cinema 6,Glorietta 4,Digital Theater System,"(63 2) 752-7880, (63 2) 752-7881, (63 2) 752-7882","
4th Level Glorietta 4, Ayala Center
Makati City
"
Glorietta 4 Cinema 7,Glorietta 4,Digital Theater System,"(63 2) 752-7880, (63 2) 752-7881, (63 2) 752-7882","
4th Level Glorietta 4, Ayala Center
Makati City
"
Power Plant Mall Power Plant Cinema 1,Power Plant Mall, ,"(63 2) 898-1440, (63 2) 898-1441","
Rockwell Drive cor. Estrella St.
Makati City
"
Power Plant Mall Power Plant Dolby Atmos Cinema 2,Power Plant Mall, ,"(63 2) 898-1440, (63 2) 898-1441","
Rockwell Drive cor. Estrella St.
Makati City
"
Power Plant Mall Power Plant Dolby Atmos Cinema 3,Power Plant Mall, ,"(63 2) 898-1440, (63 2) 898-1441","
Rockwell Drive cor. Estrella St.
Makati City
"
Power Plant Mall Power Plant Dolby Atmos Cinema 4,Power Plant Mall, ,"(63 2) 898-1440, (63 2) 898-1441","
Rockwell Drive cor. Estrella St.
Makati City
"
Power Plant Mall Power Plant Cinema 5,Power Plant Mall, ,"(63 2) 898-1440, (63 2) 898-1441","
Rockwell Drive cor. Estrella St.
Makati City
"
Power Plant Mall Power Plant Dolby Atmos Cinema 6,Power Plant Mall, ,"(63 2) 898-1440, (63 2) 898-1441","
Rockwell Drive cor. Estrella St.
Makati City
"
Power Plant Mall Power Plant Cinema 7,Power Plant Mall, , ,"
Rockwell Drive cor. Estrella St.
Makati City
"
Power Plant Mall Power Plant VIP Cinema 8,Power Plant Mall, , ,"
Rockwell Drive cor. Estrella St.
Makati City
"
Waltermart Makati Cinema - 1,Waltermart Makati, ,(63 2) 519-7401,"
790 Chino Roces Ave.
Makati City
"
Waltermart Makati Cinema - 2,Waltermart Makati, ,(63 2) 519-7401,"
790 Chino Roces Ave.
Makati City
"
Waltermart Makati Cinema - 3,Waltermart Makati, ,(63 2) 519-7401,"
790 Chino Roces Ave.
Makati City
"
Waltermart Makati Cinema - 4,Waltermart Makati, ,(63 2) 519-7401,"
790 Chino Roces Ave.
Makati City
"
Forum Robinsons Cinema 1,Forum Robinsons, ,"(63 2) 687-5378, (63 2) 398-8007","
No. 30 EDSA corner Pioneer St.
Mandaluyong City
"
Forum Robinsons Cinema 2,Forum Robinsons, ,"(63 2) 687-5378, (63 2) 398-8007","
No. 30 EDSA corner Pioneer St.
Mandaluyong City
"
Forum Robinsons Cinema 3,Forum Robinsons, ,"(63 2) 687-5378, (63 2) 398-8007","
No. 30 EDSA corner Pioneer St.
Mandaluyong City
"
Forum Robinsons Cinema 4,Forum Robinsons, ,"(63 2) 687-5378, (63 2) 398-8007","
No. 30 EDSA corner Pioneer St.
Mandaluyong City
"
SM Light Mall Cinema 1,SM Light Mall, , ,"
2nd Level SM Light Mall, Light Residences, EDSA cor. Madison St.
Mandaluyong City
"
SM Light Mall Cinema 2,SM Light Mall, , ,"
2nd Level SM Light Mall, Light Residences, EDSA cor. Madison St.
Mandaluyong City
"
SM Light Mall Cinema 3,SM Light Mall, , ,"
2nd Level SM Light Mall, Light Residences, EDSA cor. Madison St.
Mandaluyong City
"
SM MegaMall Digital Theater 1,SM MegaMall,Dolby Digital,"(63 2) 633-1901, (63 2) 632-9408","
Edsa cor. Julia Vargas Ave.
Mandaluyong City
"
SM MegaMall Digital Theater 2,SM MegaMall,Dolby Surround,"(63 2) 633-1901, (63 2) 632-9408","
Edsa cor. Julia Vargas Ave.
Mandaluyong City
"
SM MegaMall Digital Theater 3,SM MegaMall,Dolby Digital,"(63 2) 633-1901, (63 2) 632-9408","
Edsa cor. Julia Vargas Ave.
Mandaluyong City
"
SM MegaMall Cinema  4,SM MegaMall,DTS,"(63 2) 633-1901, (63 2) 632-9408","
Edsa cor. Julia Vargas Ave.
Mandaluyong City
"
SM MegaMall Cinema  5,SM MegaMall,Dolby Surround,"(63 2) 633-1901, (63 2) 632-9408","
Edsa cor. Julia Vargas Ave.
Mandaluyong City
"
SM MegaMall Cinema  6,SM MegaMall,Dolby Surround,"(63 2) 633-1901, (63 2) 632-9408","
Edsa cor. Julia Vargas Ave.
Mandaluyong City
"
SM MegaMall Cinema  7,SM MegaMall,Synthesized Surround,"(63 2) 633-1901, (63 2) 632-9408","
Edsa cor. Julia Vargas Ave.
Mandaluyong City
"
SM MegaMall Cinema  8,SM MegaMall,Synthesized Surround,"(63 2) 633-1901, (63 2) 632-9408","
Edsa cor. Julia Vargas Ave.
Mandaluyong City
"
SM MegaMall Cinema  9,SM MegaMall,Dolby Surround,"(63 2) 633-1901, (63 2) 632-9408","
Edsa cor. Julia Vargas Ave.
Mandaluyong City
"
SM MegaMall Cinema 10,SM MegaMall,Dolby Surround,"(63 2) 633-1901, (63 2) 632-9408","
Edsa cor. Julia Vargas Ave.
Mandaluyong City
"
SM MegaMall Cinema 11,SM MegaMall,Synthesized Surround,"(63 2) 633-1901, (63 2) 632-9408","
Edsa cor. Julia Vargas Ave.
Mandaluyong City
"
SM MegaMall Cinema 12,SM MegaMall,Synthesized Surround,"(63 2) 633-1901, (63 2) 632-9408","
Edsa cor. Julia Vargas Ave.
Mandaluyong City
"
SM MegaMall Director's Club,SM MegaMall, , ,"
Edsa cor. Julia Vargas Ave.
Mandaluyong City
"
SM MegaMall IMAX,SM MegaMall, , ,"
Edsa cor. Julia Vargas Ave.
Mandaluyong City
"
Shangri-la Plaza Mall Shangri-la Plaza Cinema 1,Shangri-la Plaza Mall,Dolby,"(63 2) 633-2227, (63 2) 633-7851 Loc. 171","
EDSA cor. Shaw Blvd.
Mandaluyong City
"
Shangri-la Plaza Mall Shangri-la Plaza Cinema 2,Shangri-la Plaza Mall, ,"(63 2) 633-2227, (63 2) 633-7851 Loc. 171","
EDSA cor. Shaw Blvd.
Mandaluyong City
"
Shangri-la Plaza Mall Shangri-la Plaza Cinema 3,Shangri-la Plaza Mall,Dolby,"633-2227, 633-7851 loc 171","
EDSA cor. Shaw Blvd.
Mandaluyong City
"
Shangri-la Plaza Mall Shangri-la Plaza Cinema 4,Shangri-la Plaza Mall,Dolby,"633-2227, 633-7851 loc 171","
EDSA cor. Shaw Blvd.
Mandaluyong City
"
Shangri-la Plaza Mall Shangri-la Plaza Premiere Theatre,Shangri-la Plaza Mall, ,"633-2227, 633-7851 loc 171","
EDSA cor. Shaw Blvd.
Mandaluyong City
"
Starmall EDSA-Shaw Cinema 1,Starmall EDSA-Shaw,Dolby Surround,"(63 2) 718-1886 loc 129, (63 2) 726-6150","
EDSA cor. Shaw Blvd.
Mandaluyong City
"
Starmall EDSA-Shaw Cinema 2,Starmall EDSA-Shaw,Dolby Surround,"(63 2) 718-1886 loc 129, (63 2) 726-6150","
EDSA cor. Shaw Blvd.
Mandaluyong City
"
Starmall EDSA-Shaw Cinema 3,Starmall EDSA-Shaw,Dolby Surround,"(63 2) 718-1886 loc 129, (63 2) 726-6150","
EDSA cor. Shaw Blvd.
Mandaluyong City
"
Cinerama Cineworld (Isetann) Isetann Cinerama 1,Cinerama Cineworld (Isetann), ,(63 2) 733-4228,"
Isetann Recto Manila
Manila
"
Cinerama Cineworld (Isetann) Isetann Cinerama 2,Cinerama Cineworld (Isetann), ,(63 2) 733-4228,"
Isetann Recto Manila
Manila
"
Cinerama Cineworld (Isetann) Isetann Cinerama 3,Cinerama Cineworld (Isetann), ,(63 2) 733-4228,"
Isetann Recto Manila
Manila
"
Cinerama Cineworld (Isetann) Isetann Cinerama 4,Cinerama Cineworld (Isetann), ,(63 2) 733-4228,"
Isetann Recto Manila
Manila
"
Lucky Chinatown Mall Lucky Chinatown Cinema 1,Lucky Chinatown Mall, ,(63 2)791-8111,"
5/F Reina Regente St. Corner Dela Reina St.
Brgy. 293 Zone 28, Binondo
Manila
"
Lucky Chinatown Mall Lucky Chinatown Cinema 2,Lucky Chinatown Mall, ,(63 2)791-8111,"
5/F Reina Regente St. Corner Dela Reina St.
Brgy. 293 Zone 28, Binondo
Manila
"
Lucky Chinatown Mall Lucky Chinatown Cinema 3,Lucky Chinatown Mall, ,(63 2)791-8111,"
5/F Reina Regente St. Corner Dela Reina St.
Brgy. 293 Zone 28, Binondo
Manila
"
Lucky Chinatown Mall Lucky Chinatown Cinema 4,Lucky Chinatown Mall, ,(63 2)791-8111,"
5/F Reina Regente St. Corner Dela Reina St.
Brgy. 293 Zone 28, Binondo
Manila
"
Robinsons Place Manila Robinsons Manila Cinema 1 (Midtown),Robinsons Place Manila, ,(63 2) 397-7020,"
Pedro Gil cor. Adriatico Sts.
Ermita
Manila
"
Robinsons Place Manila Robinsons Manila Cinema 2 (Midtown),Robinsons Place Manila, ,(63 2) 397-7020,"
Pedro Gil cor. Adriatico Sts.
Ermita
Manila
"
Robinsons Place Manila Robinsons Manila Cinema 3 (Midtown),Robinsons Place Manila, ,(63 2) 397-7020,"
Pedro Gil cor. Adriatico Sts.
Ermita
Manila
"
Robinsons Place Manila Robinsons Manila Cinema 4 (Pedro Gil),Robinsons Place Manila,Dolby Digital,(63 2) 397-7020,"
Pedro Gil cor. Adriatico Sts.
Ermita
Manila
"
Robinsons Place Manila Robinsons Manila Cinema 5 (Pedro Gil),Robinsons Place Manila,Dolby Stereo,(63 2) 397-7020,"
Pedro Gil cor. Adriatico Sts.
Ermita
Manila
"
Robinsons Place Manila Robinsons Manila Cinema 6 (Pedro Gil),Robinsons Place Manila,Dolby Stereo,(63 2) 397-7020,"
Pedro Gil cor. Adriatico Sts.
Ermita
Manila
"
Robinsons Place Manila Robinsons Manila Cinema 7 (Pedro Gil),Robinsons Place Manila,Dolby Stereo,(63 2) 397-7020,"
Pedro Gil cor. Adriatico Sts.
Ermita
Manila
"
SM City Manila Cinema 1,SM City Manila,Dolby Digital,"(63 2) 523-9240, (63 2) 523-9241, (63 2) 523-9232","
Concepcion cor. Arroceros & San Marcelino Sts.
Manila
"
SM City Manila Cinema 2,SM City Manila,Dolby Digital,"(63 2) 523-9240, (63 2) 523-9241, (63 2) 523-9232","
Concepcion cor. Arroceros & San Marcelino Sts.
Manila
"
SM City Manila Cinema 3,SM City Manila,Dolby Surround,"(63 2) 523-9240, (63 2) 523-9241, (63 2) 523-9232","
Concepcion cor. Arroceros & San Marcelino Sts.
Manila
"
SM City Manila Cinema 4,SM City Manila,Dolby Surround,"(63 2) 523-9240, (63 2) 523-9241, (63 2) 523-9232","
Concepcion cor. Arroceros & San Marcelino Sts.
Manila
"
SM City Manila Cinema 5,SM City Manila,Dolby Digital,"(63 2) 523-9240, (63 2) 523-9241, (63 2) 523-9232","
Concepcion cor. Arroceros & San Marcelino Sts.
Manila
"
SM City Manila Cinema 6,SM City Manila,Dolby Digital EX,"(63 2) 523-9240, (63 2) 523-9241, (63 2) 523-9232","
Concepcion cor. Arroceros & San Marcelino Sts.
Manila
"
SM City Manila Cinema 7,SM City Manila,Dolby Surround,"(63 2) 523-9240, (63 2) 523-9241, (63 2) 523-9232","
Concepcion cor. Arroceros & San Marcelino Sts.
Manila
"
SM City Manila Cinema 8,SM City Manila,Dolby Surround,"(63 2) 523-9240, (63 2) 523-9241, (63 2) 523-9232","
Concepcion cor. Arroceros & San Marcelino Sts.
Manila
"
SM City Manila Cinema 9,SM City Manila,Dolby Surround,"(63 2) 523-9240, (63 2) 523-9241, (63 2) 523-9232","
Concepcion cor. Arroceros & San Marcelino Sts.
Manila
"
SM City Manila Cinema 10,SM City Manila,Dolby Surround,"(63 2) 523-9240, (63 2) 523-9241, (63 2) 523-9232","
Concepcion cor. Arroceros & San Marcelino Sts.
Manila
"
SM City Manila Cinema 11,SM City Manila,Dolby Surround,"(63 2) 523-9240, (63 2) 523-9241, (63 2) 523-9232","
Concepcion cor. Arroceros & San Marcelino Sts.
Manila
"
SM City Manila Cinema 12,SM City Manila,Dolby Surround,"(63 2) 523-9240, (63 2) 523-9241, (63 2) 523-9232","
Concepcion cor. Arroceros & San Marcelino Sts.
Manila
"
SM San Lazaro Cinema 1,SM San Lazaro, ,(63 2) 7862488,"
Felix Huertas cor. A.H. Lacson Sts.
Sta. Cruz
Manila
"
SM San Lazaro Cinema 2,SM San Lazaro, ,(63 2) 7862488,"
Felix Huertas cor. A.H. Lacson Sts.
Sta. Cruz
Manila
"
SM San Lazaro Cinema 3,SM San Lazaro, ,(63 2) 7862488,"
Felix Huertas cor. A.H. Lacson Sts.
Sta. Cruz
Manila
"
SM San Lazaro Cinema 4,SM San Lazaro, ,(63 2) 7862488,"
Felix Huertas cor. A.H. Lacson Sts.
Sta. Cruz
Manila
"
SM San Lazaro Cinema 5,SM San Lazaro, ,(63 2) 7862488,"
Felix Huertas cor. A.H. Lacson Sts.
Sta. Cruz
Manila
"
SM San Lazaro Cinema 6,SM San Lazaro, ,(63 2) 7862488,"
Felix Huertas cor. A.H. Lacson Sts.
Sta. Cruz
Manila
"
Blue Wave Cinema 1,Blue Wave, ,"(63 2) 571-9720, (63 2) 571-9721","
Brgy. Sto. Niño
Sumulong Highway
Marikina
"
Blue Wave Cinema 2,Blue Wave, ,"(63 2) 571-9720, (63 2) 571-9721","
Brgy. Sto. Niño
Sumulong Highway
Marikina
"
Blue Wave Cinema 3,Blue Wave, ,"(63 2) 571-9720, (63 2) 571-9721","
Brgy. Sto. Niño
Sumulong Highway
Marikina
"
Blue Wave Cinema 4,Blue Wave, ,"(63 2) 571-9720, (63 2) 571-9721","
Brgy. Sto. Niño
Sumulong Highway
Marikina
"
SM City Marikina Digital Theater 1,SM City Marikina, ,(63 2) 477-1829,"
Marcos Highway
Brgy. Kalumpang
Marikina
"
SM City Marikina Digital Theater 2,SM City Marikina, ,(63 2) 477-1829,"
Marcos Highway
Brgy. Kalumpang
Marikina
"
SM City Marikina Cinema 3,SM City Marikina, ,(63 2) 477-1829,"
Marcos Highway
Brgy. Kalumpang
Marikina
"
SM City Marikina Cinema 4,SM City Marikina, ,(63 2) 477-1829,"
Marcos Highway
Brgy. Kalumpang
Marikina
"
SM City Marikina Cinema 5,SM City Marikina, ,(63 2) 477-1829,"
Marcos Highway
Brgy. Kalumpang
Marikina
"
SM City Marikina Cinema 6,SM City Marikina, ,(63 2) 477-1829,"
Marcos Highway
Brgy. Kalumpang
Marikina
"
SM City Marikina Cinema 7,SM City Marikina, ,(63 2) 477-1829,"
Marcos Highway
Brgy. Kalumpang
Marikina
"
SM City Marikina Cinema 8,SM City Marikina, ,(63 2) 477-1829,"
Marcos Highway
Brgy. Kalumpang
Marikina
"
Alabang Town Center Cinema 1,Alabang Town Center,THX,"(63 2) 842-2289, (63 2) 850-8931, (63 2) 850-9582","
Alabang Commercial Corporation
Alabang-Zapote Road
Muntinlupa
"
Alabang Town Center Cinema 2,Alabang Town Center,Dolby Stereo Digital,"(63 2) 842-2289, (63 2) 850-8931, (63 2) 850-9582","
Alabang Commercial Corporation
Alabang-Zapote Road
Muntinlupa
"
Alabang Town Center Cinema 3,Alabang Town Center,DTS,"(63 2) 842-2289, (63 2) 850-8931, (63 2) 850-9582","
Alabang Commercial Corporation
Alabang-Zapote Road
Muntinlupa
"
Alabang Town Center Cinema 4,Alabang Town Center,"Digital Theater System (DTS)
Guaranteed Seating Cinema (GSC)","(63 2) 842-2289, (63 2) 850-8931, (63 2) 850-9582","
Alabang Commercial Corporation
Alabang-Zapote Road
Muntinlupa
"
Alabang Town Center Cinema 5,Alabang Town Center,DTS,"(63 2) 842-2289, (63 2) 850-8931, (63 2) 850-9582","
Alabang Commercial Corporation
Alabang-Zapote Road
Muntinlupa
"
Ayala Malls South Park Cinema 1,Ayala Malls South Park, , ,"
National Road
Brgy. Alabang
Muntinlupa City
"
Ayala Malls South Park Cinema 2,Ayala Malls South Park, , ,"
National Road
Brgy. Alabang
Muntinlupa City
"
Ayala Malls South Park Cinema 3,Ayala Malls South Park, , ,"
National Road
Brgy. Alabang
Muntinlupa City
"
Ayala Malls South Park Cinema 4,Ayala Malls South Park, , ,"
National Road
Brgy. Alabang
Muntinlupa City
"
Ayala Malls South Park Cinema 5,Ayala Malls South Park, , ,"
National Road
Brgy. Alabang
Muntinlupa City
"
Commercenter Cinemas Cinema 1,Commercenter Cinemas, ,(63 2) 893-1450,"
2nd Floor Commercenter Cinema Bldg., Filinvest and East Asia Drive
Filinvest Corporate City
Muntinlupa City
"
Commercenter Cinemas Cinema 2,Commercenter Cinemas, ,(63 2) 893-1450,"
2nd Floor Commercenter Cinema Bldg., Filinvest and East Asia Drive
Filinvest Corporate City
Muntinlupa City
"
Commercenter Cinemas Cinema 3,Commercenter Cinemas, ,(63 2) 893-1450,"
2nd Floor Commercenter Cinema Bldg., Filinvest and East Asia Drive
Filinvest Corporate City
Muntinlupa City
"
Commercenter Cinemas Cinema 4,Commercenter Cinemas, ,(63 2) 893-1450,"
2nd Floor Commercenter Cinema Bldg., Filinvest and East Asia Drive
Filinvest Corporate City
Muntinlupa City
"
Festival Supermall Festival Cinema 1,Festival Supermall,Dolby Digital Surround,"(63 2) 850-3571, (63 2) 850-3572","
Corporate Ave. cor. Civic Drive
Filinvest Corporate City, Alabang
Muntinlupa
"
Festival Supermall Festival Cinema 2,Festival Supermall,Sony Dynamic Digital Sound (SDDS),"(63 2) 850-3571, (63 2) 850-3572","
Corporate Ave. cor. Civic Drive
Filinvest Corporate City, Alabang
Muntinlupa
"
Festival Supermall Festival Cinema 3,Festival Supermall,Digital Theater Sound (DTS),"(63 2) 850-3571, (63 2) 850-3572","
Corporate Ave. cor. Civic Drive
Filinvest Corporate City, Alabang
Muntinlupa
"
Festival Supermall Festival Cinema 4,Festival Supermall, ,"(63 2) 850-3571, (63 2) 850-3572","
Corporate Ave. cor. Civic Drive
Filinvest Corporate City, Alabang
Muntinlupa
"
Festival Supermall Festival Cinema 5,Festival Supermall, ,"(63 2) 850-3571, (63 2) 850-3572","
Corporate Ave. cor. Civic Drive
Filinvest Corporate City, Alabang
Muntinlupa
"
Festival Supermall Festival Cinema 6,Festival Supermall, ,"(63 2) 850-3571, (63 2) 850-3572","
Corporate Ave. cor. Civic Drive
Filinvest Corporate City, Alabang
Muntinlupa
"
Festival Supermall Festival Cinema 7,Festival Supermall, ,"(63 2) 850-3571, (63 2) 850-3572","
Corporate Ave. cor. Civic Drive
Filinvest Corporate City, Alabang
Muntinlupa
"
Festival Supermall Festival Cinema 8,Festival Supermall,Digital Theater Sound (DTS),"(63 2) 850-3571, (63 2) 850-3572","
Corporate Ave. cor. Civic Drive
Filinvest Corporate City, Alabang
Muntinlupa
"
Festival Supermall Festival Cinema 9,Festival Supermall, ,"(63 2) 850-3571, (63 2) 850-3572","
Corporate Ave. cor. Civic Drive
Filinvest Corporate City, Alabang
Muntinlupa
"
Festival Supermall Festival Cinema 10,Festival Supermall, ,"(63 2) 850-3571, (63 2) 850-3572","
Corporate Ave. cor. Civic Drive
Filinvest Corporate City, Alabang
Muntinlupa
"
SM Supercenter Muntinlupa SM Muntinlupa Cinema 1,SM Supercenter Muntinlupa, ,(63 2) 659-1642,"
National Road
Brgy. Tunasan
Muntinlupa
"
SM Supercenter Muntinlupa SM Muntinlupa Cinema 2,SM Supercenter Muntinlupa, ,(63 2) 659-1642,"
National Road
Brgy. Tunasan
Muntinlupa
"
SM Supercenter Muntinlupa SM Muntinlupa Cinema 3,SM Supercenter Muntinlupa, ,(63 2) 659-1642,"
National Road
Brgy. Tunasan
Muntinlupa
"
SM Supercenter Muntinlupa SM Muntinlupa Cinema 4,SM Supercenter Muntinlupa, ,(63 2) 659-1642,"
National Road
Brgy. Tunasan
Muntinlupa
"
Starmall Alabang Cinema 1,Starmall Alabang,Dolby Surround,(63 2) 850-4285,"
4L, Starmall Alabang
South Super Highway, Alabang
Muntinlupa City
"
Starmall Alabang Cinema 2,Starmall Alabang,Dolby Surround,(63 2) 850-4285,"
4L, Starmall Alabang
South Super Highway, Alabang
Muntinlupa City
"
Starmall Alabang Cinema 3,Starmall Alabang,Dolby Surround,(63 2) 850-4285,"
4L, Starmall Alabang
South Super Highway, Alabang
Muntinlupa City
"
Starmall Alabang Cinema 4,Starmall Alabang,Dolby Surround,(63 2) 850-4285,"
4L, Starmall Alabang
South Super Highway, Alabang
Muntinlupa City
"
SM City BF Parañaque Cinema 1,SM City BF Parañaque, ,(63 2) 808-6157,"
Dr. A. Santos Ave. (formerly Sucat Road)
BF
Parañaque
"
SM City BF Parañaque Cinema 2,SM City BF Parañaque, ,(63 2) 808-6157,"
Dr. A. Santos Ave. (formerly Sucat Road)
BF
Parañaque
"
SM City BF Parañaque Director's  Club 1,SM City BF Parañaque, ,(63 2) 808-6157,"
Dr. A. Santos Ave. (formerly Sucat Road)
BF
Parañaque
"
SM City BF Parañaque Director's  Club 2,SM City BF Parañaque, ,(63 2) 808-6157,"
Dr. A. Santos Ave. (formerly Sucat Road)
BF
Parañaque
"
SM City BF Parañaque Director's  Club 3,SM City BF Parañaque, ,(63 2) 808-6157,"
Dr. A. Santos Ave. (formerly Sucat Road)
BF
Parañaque
"
SM City BF Parañaque Director's  Club 4,SM City BF Parañaque, ,(63 2) 808-6157,"
Dr. A. Santos Ave. (formerly Sucat Road)
BF
Parañaque
"
SM City Bicutan Cinema 1,SM City Bicutan, ,"(63 2) 776-3055, (63 2) 776-3056","
Doña Soledad Ave.
Brgy. Don Bosco
Parañaque
"
SM City Bicutan Cinema 2,SM City Bicutan, ,"(63 2) 776-3055, (63 2) 776-3056","
Doña Soledad Ave.
Brgy. Don Bosco
Parañaque
"
SM City Bicutan Cinema 3,SM City Bicutan, ,"(63 2) 776-3055, (63 2) 776-3056","
Doña Soledad Ave.
Brgy. Don Bosco
Parañaque
"
SM City Bicutan Cinema 4,SM City Bicutan, ,"(63 2) 776-3055, (63 2) 776-3056","
Doña Soledad Ave.
Brgy. Don Bosco
Parañaque
"
SM City Sucat Cinema 1,SM City Sucat, ,"(63 2) 829-4975, (63 2) 829-4976","
Dr. A. Santos Ave. (formerly Sucat Road)
Barangay San Dioniso
Parañaque
"
SM City Sucat Cinema 2,SM City Sucat, ,"(63 2) 829-4975, (63 2) 829-4976","
Dr. A. Santos Ave. (formerly Sucat Road)
Barangay San Dioniso
Parañaque
"
SM City Sucat Cinema 3,SM City Sucat, ,"(63 2) 829-4975, (63 2) 829-4976","
Dr. A. Santos Ave. (formerly Sucat Road)
Barangay San Dioniso
Parañaque
"
SM City Sucat Cinema 4,SM City Sucat, ,"(63 2) 829-4975, (63 2) 829-4976","
Dr. A. Santos Ave. (formerly Sucat Road)
Barangay San Dioniso
Parañaque
"
Newport Mall Newport Ultra Cinema 1,Newport Mall,"Located at the 4th level of Newport Mall, It has an 80 fully reclining seats with cubicle enclosures per pair to attain utmost privacy. Each cublicle also has an addressable button to call ushers or butlers into their seats.",(63 2) 836-6333,"
100 Andrew's Avenue
Newport City
Pasay City
"
Newport Mall Newport Cinema 2,Newport Mall,"The Newport Cinemas are located at the 4th level of Newport Mall, Resorts World Manila, Pasay City.",(63 2) 836-6333,"
100 Andrew's Avenue
Newport City
Pasay City
"
Newport Mall Newport Cinema 3,Newport Mall,"The Newport Cinemas are located at the 4th level of Newport Mall, Resorts World Manila, Pasay City.",(63 2) 836-6333,"
100 Andrew's Avenue
Newport City
Pasay City
"
Newport Mall Newport Cinema 4,Newport Mall,"The Newport Cinemas are located at the 4th level of Newport Mall, Resorts World Manila, Pasay City.",(63 2) 836-6333,"
100 Andrew's Avenue
Newport City
Pasay City
"
Ayala Malls Feliz Cinema 1,Ayala Malls Feliz, , ,"
Marcos Highway (Marikina-Infanta Highway)
Brgy. Dela Paz
Pasig City
"
Ayala Malls Feliz Cinema 2,Ayala Malls Feliz, , ,"
Marcos Highway (Marikina-Infanta Highway)
Brgy. Dela Paz
Pasig City
"
Ayala Malls Feliz Cinema 3,Ayala Malls Feliz, , ,"
Marcos Highway (Marikina-Infanta Highway)
Brgy. Dela Paz
Pasig City
"
Ayala Malls Feliz Cinema 4,Ayala Malls Feliz, , ,"
Marcos Highway (Marikina-Infanta Highway)
Brgy. Dela Paz
Pasig City
"
Ayala Malls The 30th Cinema 1,Ayala Malls The 30th, , ,"
30 Meralco Avenue
Pasig City
"
Ayala Malls The 30th Cinema 2,Ayala Malls The 30th, , ,"
30 Meralco Avenue
Pasig City
"
Ayala Malls The 30th Cinema 3,Ayala Malls The 30th, , ,"
30 Meralco Avenue
Pasig City
"
Ayala Malls The 30th Cinema 4,Ayala Malls The 30th, , ,"
30 Meralco Avenue
Pasig City
"
Robinsons Metro East Cinema 1,Robinsons Metro East, ,"(632) 249-0157, (63 2) 682-8199, (63 2) 249-0401, (63 2) 249-0168","
Dela Paz Marcos Highway
Pasig City
"
Robinsons Metro East Cinema 2,Robinsons Metro East, ,"(632) 249-0157, (63 2) 682-8199, (63 2) 249-0401, (63 2) 249-0168","
Dela Paz Marcos Highway
Pasig City
"
Robinsons Metro East Cinema 3,Robinsons Metro East, ,"(632) 249-0157, (63 2) 682-8199, (63 2) 249-0401, (63 2) 249-0168","
Dela Paz Marcos Highway
Pasig City
"
Robinsons Metro East Cinema 4,Robinsons Metro East, ,"(632) 249-0157, (63 2) 682-8199, (63 2) 249-0401, (63 2) 249-0168","
Dela Paz Marcos Highway
Pasig City
"
Robinsons Metro East Cinema 5,Robinsons Metro East, ,"(632) 249-0157, (63 2) 682-8199, (63 2) 249-0401, (63 2) 249-0168","
Dela Paz Marcos Highway
Pasig City
"
Robinsons Metro East Cinema 6,Robinsons Metro East, ,"(632) 249-0157, (63 2) 682-8199, (63 2) 249-0401, (63 2) 249-0168","
Dela Paz Marcos Highway
Pasig City
"
Robinsons Metro East Cinema 7,Robinsons Metro East, ,"(632) 249-0157, (63 2) 682-8199, (63 2) 249-0401, (63 2) 249-0168","
Dela Paz Marcos Highway
Pasig City
"
Robinsons Metro East Cinema 8,Robinsons Metro East, ,"(632) 249-0157, (63 2) 682-8199, (63 2) 249-0401, (63 2) 249-0168","
Dela Paz Marcos Highway
Pasig City
"
SM City East Ortigas Digital Cinema 1,SM City East Ortigas, ,"(63 2) 721-1761, (63 2) 721-1762","
Ortigas Avenue Extn.
Brgy. Sta. Lucia
Pasig
"
SM City East Ortigas Digital Cinema 2,SM City East Ortigas, ,"(63 2) 721-1761, (63 2) 721-1762","
Ortigas Avenue Extn.
Brgy. Sta. Lucia
Pasig
"
SM City East Ortigas Digital Cinema 3,SM City East Ortigas, ,"(63 2) 721-1761, (63 2) 721-1762","
Ortigas Avenue Extn.
Brgy. Sta. Lucia
Pasig
"
SM City East Ortigas Digital Cinema 4,SM City East Ortigas, ,"(63 2) 721-1761, (63 2) 721-1762","
Ortigas Avenue Extn.
Brgy. Sta. Lucia
Pasig
"
SM City East Ortigas Director's Club Cinema 1,SM City East Ortigas, ,"(63 2) 721-1761, (63 2) 721-1762","
Ortigas Avenue Extn.
Brgy. Sta. Lucia
Pasig
"
SM City East Ortigas Director's Club Cinema 2,SM City East Ortigas, ,"(63 2) 721-1761, (63 2) 721-1762","
Ortigas Avenue Extn.
Brgy. Sta. Lucia
Pasig
"
SM City East Ortigas Director's Club Cinema 3,SM City East Ortigas, ,"(63 2) 721-1761, (63 2) 721-1762","
Ortigas Avenue Extn.
Brgy. Sta. Lucia
Pasig
"
SM City East Ortigas Director's Club Cinema 4,SM City East Ortigas, ,"(63 2) 721-1761, (63 2) 721-1762","
Ortigas Avenue Extn.
Brgy. Sta. Lucia
Pasig
"
Ali Mall Cineplex 1,Ali Mall, ,(63 2) 911-3101 Loc. 8281,"
Araneta Center
Cubao
Quezon City
"
Ali Mall Cineplex 2,Ali Mall, ,(63 2) 911-3101 Loc. 8281,"
Araneta Center
Cubao
Quezon City
"
Ali Mall Cineplex 3,Ali Mall,DDS,(63 2) 911-3101 Loc. 8281,"
Araneta Center
Cubao
Quezon City
"
Ali Mall Cineplex 4,Ali Mall,SDDS,(63 2) 911-3101 Loc. 8281,"
Araneta Center
Cubao
Quezon City
"
Ayala Fairview Terraces Cinema 1,Ayala Fairview Terraces, , ,"
4th Level Fairview Terraces, Quirino Hi-way
Novaliches
Quezon City
"
Ayala Fairview Terraces Cinema 2,Ayala Fairview Terraces, , ,"
4th Level Fairview Terraces, Quirino Hi-way
Novaliches
Quezon City
"
Ayala Fairview Terraces Cinema 3,Ayala Fairview Terraces, , ,"
4th Level Fairview Terraces, Quirino Hi-way
Novaliches
Quezon City
"
Ayala Fairview Terraces Cinema 4,Ayala Fairview Terraces, , ,"
4th Level Fairview Terraces, Quirino Hi-way
Novaliches
Quezon City
"
Ayala Fairview Terraces Cinema 5,Ayala Fairview Terraces, , ,"
4th Level Fairview Terraces, Quirino Hi-way
Novaliches
Quezon City
"
Ayala Fairview Terraces Cinema 6,Ayala Fairview Terraces, , ,"
4th Level Fairview Terraces, Quirino Hi-way
Novaliches
Quezon City
"
Ayala Malls Cloverleaf Cinema 1,Ayala Malls Cloverleaf, , ,"
A. Bonifacio Avenue
Brgy. Balingasa
Quezon City
"
Ayala Malls Cloverleaf Cinema 2,Ayala Malls Cloverleaf, , ,"
A. Bonifacio Avenue
Brgy. Balingasa
Quezon City
"
Ayala Malls Cloverleaf Cinema 3,Ayala Malls Cloverleaf, , ,"
A. Bonifacio Avenue
Brgy. Balingasa
Quezon City
"
Ayala Malls Cloverleaf Cinema 4,Ayala Malls Cloverleaf, , ,"
A. Bonifacio Avenue
Brgy. Balingasa
Quezon City
"
Ayala Malls Cloverleaf Cinema 5,Ayala Malls Cloverleaf, , ,"
A. Bonifacio Avenue
Brgy. Balingasa
Quezon City
"
Ayala Malls Cloverleaf Cinema 6,Ayala Malls Cloverleaf, , ,"
A. Bonifacio Avenue
Brgy. Balingasa
Quezon City
"
Ayala Malls Vertis North Cinema 1,Ayala Malls Vertis North, , ,"
North Avenue
Brgy. Bagong Pag-asa
Quezon City
"
Ayala Malls Vertis North Cinema 2,Ayala Malls Vertis North, , ,"
North Avenue
Brgy. Bagong Pag-asa
Quezon City
"
Ayala Malls Vertis North Cinema 3,Ayala Malls Vertis North, , ,"
North Avenue
Brgy. Bagong Pag-asa
Quezon City
"
Gateway Mall Gateway Cineplex 1,Gateway Mall, ,(63 2) 911-3101,"
Araneta Center
Quezon City
"
Gateway Mall Gateway Cineplex 2,Gateway Mall, ,(63 2) 911-3101,"
Araneta Center
Quezon City
"
Gateway Mall Gateway Cineplex 3,Gateway Mall, ,(63 2) 911-3101,"
Araneta Center
Quezon City
"
Gateway Mall Gateway Cineplex 4,Gateway Mall, ,(63 2) 911-3101,"
Araneta Center
Quezon City
"
Gateway Mall Gateway Cineplex 5,Gateway Mall, ,(63 2) 911-3101,"
Araneta Center
Quezon City
"
Gateway Mall Gateway Cineplex 6,Gateway Mall, ,(63 2) 911-3101,"
Araneta Center
Quezon City
"
Gateway Mall Gateway Cineplex 7,Gateway Mall, ,(63 2) 911-3101,"
Araneta Center
Quezon City
"
Gateway Mall Gateway Cineplex 8,Gateway Mall, ,(63 2) 911-3101,"
Araneta Center
Quezon City
"
Gateway Mall Gateway Cineplex 9,Gateway Mall, ,(63 2) 911-3101,"
Araneta Center
Quezon City
"
Gateway Mall Gateway Cineplex 10 (Platinum Cinema),Gateway Mall, ,(63 2) 911-3101,"
Araneta Center
Quezon City
"
Robinsons Galleria Cinema 1,Robinsons Galleria,THX Sound,(63 2) 397-1888 local 690,"
EDSA cor. Ortigas Ave.
Quezon City
"
Robinsons Galleria Cinema 2,Robinsons Galleria, ,(63 2) 397-1888 local 690,"
EDSA cor. Ortigas Ave.
Quezon City
"
Robinsons Galleria Cinema 3,Robinsons Galleria, ,(63 2) 397-1888 local 690,"
EDSA cor. Ortigas Ave.
Quezon City
"
Robinsons Galleria Cinema 4,Robinsons Galleria, ,(63 2) 397-1888 local 690,"
EDSA cor. Ortigas Ave.
Quezon City
"
Robinsons Galleria Cinema 5,Robinsons Galleria, ,(63 2) 397-1888 local 690,"
EDSA cor. Ortigas Ave.
Quezon City
"
Robinsons Galleria Cinema 6,Robinsons Galleria,Digital Theater System,(63 2) 397-1888 local 690,"
EDSA cor. Ortigas Ave.
Quezon City
"
Robinsons Galleria Cinema 7,Robinsons Galleria, ,(63 2) 397-1888 local 690,"
EDSA cor. Ortigas Ave.
Quezon City
"
Robinsons Galleria Cinema 8,Robinsons Galleria, ,(63 2) 397-1888 local 690,"
EDSA cor. Ortigas Ave.
Quezon City
"
Robinsons Galleria Cinema 9,Robinsons Galleria,Dolby Stereo,(63 2) 397-1888 local 690,"
EDSA cor. Ortigas Ave.
Quezon City
"
Robinsons Galleria Cinema 10,Robinsons Galleria,Dolby Stereo,(63 2) 397-1888 local 690,"
EDSA cor. Ortigas Ave.
Quezon City
"
Robinsons Magnolia Cinema 1,Robinsons Magnolia, ,"(63 2) 961-5275, (63 2) 961-5276, (63 2) 961-5277, (63 2) 961-5278","
Aurora Blvd. corner Doña M. Hemady St.
New Manila
Quezon City
"
Robinsons Magnolia Cinema 2,Robinsons Magnolia, ,"(63 2) 961-5275, (63 2) 961-5276, (63 2) 961-5277, (63 2) 961-5278","
Aurora Blvd. corner Doña M. Hemady St.
New Manila
Quezon City
"
Robinsons Magnolia Cinema 3,Robinsons Magnolia, ,"(63 2) 961-5275, (63 2) 961-5276, (63 2) 961-5277, (63 2) 961-5278","
Aurora Blvd. corner Doña M. Hemady St.
New Manila
Quezon City
"
Robinsons Magnolia Cinema 4,Robinsons Magnolia, ,"(63 2) 961-5275, (63 2) 961-5276, (63 2) 961-5277, (63 2) 961-5278","
Aurora Blvd. corner Doña M. Hemady St.
New Manila
Quezon City
"
SM City Fairview Cinema  1,SM City Fairview,Dolby Surround,"(63 2) 935-0749, (63 2) 939-1379","
202 Quirino Highway cor. Regalado Ave.
Fairview
Quezon City
"
SM City Fairview Cinema  2,SM City Fairview,Dolby Surround,"(63 2) 935-0749, (63 2) 939-1379","
202 Quirino Highway cor. Regalado Ave.
Fairview
Quezon City
"
SM City Fairview Cinema  3,SM City Fairview,Dolby Surround,"(63 2) 935-0749, (63 2) 939-1379","
202 Quirino Highway cor. Regalado Ave.
Fairview
Quezon City
"
SM City Fairview Cinema  4,SM City Fairview,Dolby Digital,"(63 2) 935-0749, (63 2) 939-1379","
202 Quirino Highway cor. Regalado Ave.
Fairview
Quezon City
"
SM City Fairview Cinema  5,SM City Fairview,Dolby Surround,"(63 2) 935-0749, (63 2) 939-1379","
202 Quirino Highway cor. Regalado Ave.
Fairview
Quezon City
"
SM City Fairview Cinema  6,SM City Fairview,Dolby Surround,"(63 2) 935-0749, (63 2) 939-1379","
202 Quirino Highway cor. Regalado Ave.
Fairview
Quezon City
"
SM City Fairview Cinema  7,SM City Fairview,Dolby Digital,"(63 2) 935-0749, (63 2) 939-1379","
202 Quirino Highway cor. Regalado Ave.
Fairview
Quezon City
"
SM City Fairview Cinema  8,SM City Fairview,Dolby Surround,"(63 2) 935-0749, (63 2) 939-1379","
202 Quirino Highway cor. Regalado Ave.
Fairview
Quezon City
"
SM City Fairview Cinema  9,SM City Fairview,Dolby Surround,"(63 2) 935-0749, (63 2) 939-1379","
202 Quirino Highway cor. Regalado Ave.
Fairview
Quezon City
"
SM City Fairview Cinema 10,SM City Fairview,Dolby Surround,"(63 2) 935-0749, (63 2) 939-1379","
202 Quirino Highway cor. Regalado Ave.
Fairview
Quezon City
"
SM City Fairview Cinema 11,SM City Fairview,Dolby Surround,"(63 2) 935-0749, (63 2) 939-1379","
202 Quirino Highway cor. Regalado Ave.
Fairview
Quezon City
"
SM City Fairview Cinema 12,SM City Fairview,Dolby Surround,"(63 2) 935-0749, (63 2) 939-1379","
202 Quirino Highway cor. Regalado Ave.
Fairview
Quezon City
"
SM City Novaliches Cinema 1,SM City Novaliches, ,"(63 2) 442-5350,(63 2) 442-5352","
Quirino Highway
Brgy. San Bartolome
Quezon City
"
SM City Novaliches Cinema 2,SM City Novaliches, ,"(63 2) 442-5350,(63 2) 442-5352","
Quirino Highway
Brgy. San Bartolome
Quezon City
"
SM City Novaliches Cinema 3,SM City Novaliches, ,"(63 2) 442-5350,(63 2) 442-5352","
Quirino Highway
Brgy. San Bartolome
Quezon City
"
SM City Novaliches Cinema 4,SM City Novaliches, ,"(63 2) 442-5350,(63 2) 442-5352","
Quirino Highway
Brgy. San Bartolome
Quezon City
"
SM City Sta. Mesa Cinema  1,SM City Sta. Mesa,Dolby Surround,"(63 2) 716-1416, (63 2) 714-9518","
Ramon Magsaysay St. cor. Araneta Ave.
Sta. Mesa
Quezon City
"
SM City Sta. Mesa Cinema  2,SM City Sta. Mesa,Dolby Surround,"(63 2) 716-1416, (63 2) 714-9518","
Ramon Magsaysay St. cor. Araneta Ave.
Sta. Mesa
Quezon City
"
SM City Sta. Mesa Cinema  3,SM City Sta. Mesa,DTS,"(63 2) 716-1416, (63 2) 714-9518","
Ramon Magsaysay St. cor. Araneta Ave.
Sta. Mesa
Quezon City
"
SM City Sta. Mesa Cinema  4,SM City Sta. Mesa,Dolby Surround,"(63 2) 716-1416, (63 2) 714-9518","
Ramon Magsaysay St. cor. Araneta Ave.
Sta. Mesa
Quezon City
"
SM City Sta. Mesa Cinema  5,SM City Sta. Mesa,Dolby Digital,"(63 2) 716-1416, (63 2) 714-9518","
Ramon Magsaysay St. cor. Araneta Ave.
Sta. Mesa
Quezon City
"
SM City Sta. Mesa Cinema  6,SM City Sta. Mesa,Synthesized Surround,"(63 2) 716-1416, (63 2) 714-9518","
Ramon Magsaysay St. cor. Araneta Ave.
Sta. Mesa
Quezon City
"
SM City Sta. Mesa Cinema  7,SM City Sta. Mesa,Dolby Surround,"(63 2) 716-1416, (63 2) 714-9518","
Ramon Magsaysay St. cor. Araneta Ave.
Sta. Mesa
Quezon City
"
SM City Sta. Mesa Cinema  8,SM City Sta. Mesa,Dolby Surround,"(63 2) 716-1416, (63 2) 714-9518","
Ramon Magsaysay St. cor. Araneta Ave.
Sta. Mesa
Quezon City
"
SM City Sta. Mesa Cinema  9,SM City Sta. Mesa,Dolby Surround,"(63 2) 716-1416, (63 2) 714-9518","
Ramon Magsaysay St. cor. Araneta Ave.
Sta. Mesa
Quezon City
"
SM City Sta. Mesa Cinema  10,SM City Sta. Mesa,Synthesized Surround,"(63 2) 716-1416, (63 2) 714-9518","
Ramon Magsaysay St. cor. Araneta Ave.
Sta. Mesa
Quezon City
"
TriNoma Mall TriNoma Cinema 1,TriNoma Mall, ,"(63 2) 901-3693, (63 2) 901-3694, (63 2) 901-3695","
EDSA cor. North Ave.
Quezon City
"
TriNoma Mall TriNoma Cinema 2,TriNoma Mall, ,"(63 2) 901-3693, (63 2) 901-3694, (63 2) 901-3695","
EDSA cor. North Ave.
Quezon City
"
TriNoma Mall TriNoma Cinema 3,TriNoma Mall, ,"(63 2) 901-3693, (63 2) 901-3694, (63 2) 901-3695","
EDSA cor. North Ave.
Quezon City
"
TriNoma Mall TriNoma Cinema 4,TriNoma Mall, ,"(63 2) 901-3693, (63 2) 901-3694, (63 2) 901-3695","
EDSA cor. North Ave.
Quezon City
"
TriNoma Mall TriNoma Cinema 5,TriNoma Mall, ,"(63 2) 901-3693, (63 2) 901-3694, (63 2) 901-3695","
EDSA cor. North Ave.
Quezon City
"
TriNoma Mall TriNoma Cinema 6,TriNoma Mall, ,"(63 2) 901-3693, (63 2) 901-3694, (63 2) 901-3695","
EDSA cor. North Ave.
Quezon City
"
TriNoma Mall TriNoma Cinema 7,TriNoma Mall, ,"(63 2) 901-3693, (63 2) 901-3694, (63 2) 901-3695","
EDSA cor. North Ave.
Quezon City
"
U.P. Town Center Cinema 1,U.P. Town Center, , ,"
Katipunan Ave.
Diliman
Quezon City
"
U.P. Town Center Cinema 2,U.P. Town Center, , ,"
Katipunan Ave.
Diliman
Quezon City
"
U.P. Town Center Cinema 3,U.P. Town Center, , ,"
Katipunan Ave.
Diliman
Quezon City
"
U.P. Town Center Cinema 4,U.P. Town Center, , ,"
Katipunan Ave.
Diliman
Quezon City
"
Cinema '76 ,Cinema '76, , ,"
160 Luna Mencias St.
Brgy. Addition Hills
San Juan
"
Santolan Town Plaza Power Plant Cinema 1,Santolan Town Plaza, , ,"
Santolan Rd.
Brgy. Little Baguio
San Juan
"
Santolan Town Plaza Power Plant Cinema 2,Santolan Town Plaza, , ,"
Santolan Rd.
Brgy. Little Baguio
San Juan
"
Santolan Town Plaza Power Plant Cinema 3,Santolan Town Plaza, , ,"
Santolan Rd.
Brgy. Little Baguio
San Juan
"
Santolan Town Plaza Power Plant Cinema 4,Santolan Town Plaza, , ,"
Santolan Rd.
Brgy. Little Baguio
San Juan
"
Bonifacio High Street Cinema 1 (ATMOS),Bonifacio High Street, ,(+632) 956-8942.,"
3F Central Square
5th Avenue cor. 30th Street, Bonifacio Global City
Taguig
"
Bonifacio High Street Cinema 2 (ATMOS),Bonifacio High Street, ,(+632) 956-8942.,"
3F Central Square
5th Avenue cor. 30th Street, Bonifacio Global City
Taguig
"
Bonifacio High Street Cinema 3,Bonifacio High Street, ,(+632) 956-8942.,"
3F Central Square
5th Avenue cor. 30th Street, Bonifacio Global City
Taguig
"
Bonifacio High Street Cinema 4,Bonifacio High Street, ,(+632) 956-8942.,"
3F Central Square
5th Avenue cor. 30th Street, Bonifacio Global City
Taguig
"
Market! Market! Market Market Cinema 1,Market! Market!, ,(63 2) 886-7516,"
26th St. cor. C5
Bonifacio Global City
Taguig
"
Market! Market! Market Market Cinema 2,Market! Market!, ,(63 2) 886-7516,"
26th St. cor. C5
Bonifacio Global City
Taguig
"
Market! Market! Market Market Cinema 3,Market! Market!, ,(63 2) 886-7516,"
26th St. cor. C5
Bonifacio Global City
Taguig
"
Market! Market! Market Market Cinema 4,Market! Market!, ,(63 2) 886-7516,"
26th St. cor. C5
Bonifacio Global City
Taguig
"
Market! Market! Market Market Cinema 5,Market! Market!, ,(63 2) 886-7516,"
26th St. cor. C5
Bonifacio Global City
Taguig
"
Market! Market! Market Market Cinema 6,Market! Market!, ,(63 2) 886-7516,"
26th St. cor. C5
Bonifacio Global City
Taguig
"
Market! Market! Market Market Cinema 7,Market! Market!, ,(63 2) 886-7516,"
26th St. cor. C5
Bonifacio Global City
Taguig
"
SM Aura Premier Cinema 1,SM Aura Premier, ,(63 2) 808-5331,"
4th Floor SM Aura Premier, 26th St. corner McKinley Parkway
Bonifacio Global City
Taguig
"
SM Aura Premier Cinema 2,SM Aura Premier, ,(63 2) 808-5331,"
4th Floor SM Aura Premier, 26th St. corner McKinley Parkway
Bonifacio Global City
Taguig
"
SM Aura Premier Director's Club 1,SM Aura Premier, ,(63 2) 808-5331,"
4th Floor SM Aura Premier, 26th St. corner McKinley Parkway
Bonifacio Global City
Taguig
"
SM Aura Premier Director's Club 2,SM Aura Premier, ,(63 2) 808-5331,"
4th Floor SM Aura Premier, 26th St. corner McKinley Parkway
Bonifacio Global City
Taguig
"
SM Aura Premier IMAX,SM Aura Premier, ,(63 2) 808-5331,"
4th Floor SM Aura Premier, 26th St. corner McKinley Parkway
Bonifacio Global City
Taguig
"
Uptown Mall Cinema 1,Uptown Mall, ,(63 2) 869-9029,"
3rd Level, Uptown Mall
9th Ave. corner 36th St., Uptown Bonifacio, The Fort
Taguig
"
Uptown Mall Cinema 2,Uptown Mall, ,(63 2) 869-9029,"
3rd Level, Uptown Mall
9th Ave. corner 36th St., Uptown Bonifacio, The Fort
Taguig
"
Uptown Mall Cinema 3,Uptown Mall, ,(63 2) 869-9029,"
3rd Level, Uptown Mall
9th Ave. corner 36th St., Uptown Bonifacio, The Fort
Taguig
"
Uptown Mall Cinema 4,Uptown Mall, ,(63 2) 869-9029,"
3rd Level, Uptown Mall
9th Ave. corner 36th St., Uptown Bonifacio, The Fort
Taguig
"
Uptown Mall VIP Cinema,Uptown Mall, ,(63 2) 869-9029,"
3rd Level, Uptown Mall
9th Ave. corner 36th St., Uptown Bonifacio, The Fort
Taguig
"
Venice Grand Canal Mall Venice Cineplex Cinema 1,Venice Grand Canal Mall, , ,"
3rd Level, Venice Grand Canal Mall
Upper McKinley Road, McKinley Hill, BGC
Taguig
"
Venice Grand Canal Mall Venice Cineplex Cinema 2,Venice Grand Canal Mall, , ,"
3rd Level, Venice Grand Canal Mall
Upper McKinley Road, McKinley Hill, BGC
Taguig
"
Venice Grand Canal Mall Venice Cineplex Cinema 3,Venice Grand Canal Mall, , ,"
3rd Level, Venice Grand Canal Mall
Upper McKinley Road, McKinley Hill, BGC
Taguig
"
Venice Grand Canal Mall Venice Cineplex VIP Cinema,Venice Grand Canal Mall, , ,"
3rd Level, Venice Grand Canal Mall
Upper McKinley Road, McKinley Hill, BGC
Taguig
"
Venice Grand Canal Mall Venice Cineplex Cinema 5,Venice Grand Canal Mall, , ,"
3rd Level, Venice Grand Canal Mall
Upper McKinley Road, McKinley Hill, BGC
Taguig
"
Vista Mall Taguig VIP Cinema 1,Vista Mall Taguig, ,(63 947) 838-8282,"
Vista Mall Phase 2, Bgy. Tuktukan
Taguig
"
Vista Mall Taguig Cinema 2,Vista Mall Taguig, ,(63 947) 838-8282,"
Vista Mall Phase 2, Bgy. Tuktukan
Taguig
"
Vista Mall Taguig Cinema 3,Vista Mall Taguig, ,(63 947) 838-8282,"
Vista Mall Phase 2, Bgy. Tuktukan
Taguig
"
One Mall Valenzuela One Mall Sky Theater Cinema 1,One Mall Valenzuela, , ,"
Gen. T. De Leon Road
Brgy. Gen. T. De Leon
Valenzuela
"
One Mall Valenzuela One Mall Sky Theater Cinema 2,One Mall Valenzuela, , ,"
Gen. T. De Leon Road
Brgy. Gen. T. De Leon
Valenzuela
"
One Mall Valenzuela One Mall Sky Theater Cinema 3,One Mall Valenzuela, , ,"
Gen. T. De Leon Road
Brgy. Gen. T. De Leon
Valenzuela
"
SM Valenzuela Cinema 1,SM Valenzuela, ,(63 2) 293-3917,"
Brgy. Karuhatan
Valenzuela
"
SM Valenzuela Cinema 2,SM Valenzuela, ,(63 2) 293-3917,"
Brgy. Karuhatan
Valenzuela
"
SM Valenzuela Cinema 3,SM Valenzuela, ,(63 2) 293-3917,"
Brgy. Karuhatan
Valenzuela
"
SM Valenzuela Cinema 4,SM Valenzuela, ,(63 2) 293-3917,"
Brgy. Karuhatan
Valenzuela
"
